0,1,2,3,4,5,6,7,8,9,10,11,12,13,14,15,16,17,18,19,20,21,22,23,24,25,26,27,28,29,30,31,32,33,34,35,36,37,38,39,40,41,42,43,44,45,46,47,48,49,50,51,52,53,54,55,56,57,58,59,60,61,62,63,64,65,66,67,68,69,70,71,72,73,74,75,76,77,78,79,80,81,82,83,84,85,86,87,88,89,90,91,92,93,94,95,96,97
0.0,772.9021347594478,9611.638680066424,9388.489672134252,9253.346360395668,9625.678613183814,5185.955163658365,5494.074429406099,4353.156681605056,3826.0538785367035,12225.633693712181,12042.413539124846,2033.925525232164,5296.670756196775,4757.020371385335,1738.7571790157294,1737.9949089666147,6198.995726698633,6059.963971368713,2090.7551821917064,1813.3697616405443,1575.116149543738,9476.06944177928,7447.245396690985,14478.730649700312,3301.207241047798,2773.858669902914,6488.40791219049,6418.868937388407,6666.572714461282,2716.9291859036116,3121.910725971767,5623.176094921066,14916.104923203797,2577.283488868615,7897.643521686676,2895.1614958285572,8572.032110269989,3884.916493507993,3533.83856855409,11344.816084599042,1577.8131086229207,1277.3590184551367,10556.601099923375,2879.6119016441985,2520.2397167098634,4680.268880426191,5078.49470745783,4814.501892681534,4448.080902039469,5380.607311258704,7291.015206060547,823.4608993633012,850.9961754197166,11569.174863350514,3860.159263519347,12210.861580618444,12456.121101024559,6381.953324243234,2654.792314322744,2347.956250864902,2522.396939555305,2222.0791730646924,6906.338692117502,8217.441335583117,7656.408017550855,4921.406699300818,6597.770491213486,10274.763363769522,9185.589806134109,7467.396664016604,9017.13004584057,5118.006356186724,1956.2960139086365,2197.3471879574236,2375.8034364188275,6272.865987665212,3739.9800305095887,3782.3183828868255,5517.8382585887775,446.075443798907,1072.637631502326,1227.3501710460512,1409.6129374380166,1665.5995243870018,1380.5258876012833,10701.558877302676,7594.243809136501,5505.938707952824,13562.067127251623,6655.8251138492315,4432.731248556072,4226.590533830608,9880.768749103172,1948.6693297489903,12738.972695192866,3490.267441765772,4395.517542904845
768.0209200178422,0.0,9688.003202522234,8915.023412602186,9197.393389167099,9569.725641955245,5130.002192429795,5438.121458177529,5055.298591767028,4528.195788698674,12169.680722483612,11568.94727959278,1977.9725540035943,5007.601634710897,4386.544799426389,2440.8990891776994,2440.1368191285846,6519.934659613575,6380.902904283655,1801.6860607058288,1524.3006401546668,1286.0470280578604,9002.603182247214,7523.609919146793,14005.264390168246,3622.1461739627375,3094.7976028178537,6770.900879419299,5945.402677856341,6193.106454929216,2427.8600644177336,2832.8416044858886,5699.540617376874,14860.151951975227,3284.636815541541,7841.690550458106,2971.526018284365,8098.565850737921,3411.450233975926,3113.4838063677234,11288.863113370473,2285.1664352958474,1984.7123451280631,10083.134840391309,2955.976424100006,2841.178649624803,4206.802620894123,4605.0284479257625,4341.035633149466,4524.445424495278,5456.971833714511,7998.368532733472,956.9834246232937,567.7065392287395,11095.708603818448,3936.5237859751546,11737.39532108638,11982.654841492495,6458.317846699043,2576.3722275070413,2190.144457803834,2233.327818069428,2064.267380003624,6617.269570631624,8293.805858038926,7732.772540006664,5242.34563221576,6541.8175199849165,9801.297104237456,8712.123546602043,6993.930404484538,9044.625017738164,5062.053384958154,1667.226892422759,1908.278066471546,2086.7343149329495,6980.219314338137,4060.9189634245286,4226.897885371528,5315.022855921958,1153.428770471833,1311.9313217556603,1089.9406699315234,1153.9404147815062,1609.646553158432,1701.4648205162223,10645.605906074106,7670.60833159231,5032.472448420758,13506.114156023054,6732.18963630504,4062.255676597126,3753.1242742985414,9957.13327155898,2025.033852204798,12265.5064356608,4197.620768438698,4106.448421418967
9434.660163882589,9706.442137761473,0.0,17931.288341802625,6821.407477458794,7259.9698310765725,6552.124755762723,6392.702266625703,9655.580564115315,9158.963779586475,8925.60439711437,20585.2122087932,8408.98983053521,13720.15614685512,13180.505762043676,9731.986871847235,9158.073173568207,6026.223688439991,6679.160537623287,10224.747106189068,10109.365687624599,9692.177652906772,18018.86811144765,4857.171695054194,23021.52931936868,7469.271342221978,7785.1490126233475,15820.96814548038,14961.66760705678,15209.371384129652,11140.414576561954,11545.396116630109,3988.4625851453584,11616.075626605985,10874.024201029944,6578.578125020714,7413.100434530896,17114.830779938362,12427.715163176365,11957.323959212432,8044.78678800123,10738.976043909177,10280.61213699986,19099.399769591735,6979.952070401851,7725.163656055798,13223.067550094558,13621.293377126198,13357.300562349901,5163.557778026955,5596.219343254798,16629.3321948915,8749.957493533162,9198.866503591218,20111.97353301889,6330.91758417713,20753.660250286823,20998.91977069293,3229.68535582319,9166.76318572037,9783.29886011836,9912.945526092357,9546.218652935375,15329.824082775847,5085.812253418128,4524.778935385866,7158.096568701454,5983.818878438652,18817.5620334379,17728.388475802487,16010.195333684977,5701.576231936735,8244.831559371476,10379.78140456698,10620.832578615767,10671.799362402882,12131.757187581863,8192.684576046488,8697.75076003946,14365.090121983038,9880.735607681498,10507.297795384911,8892.750298705787,9102.25885499839,8997.42963835649,8497.857379023828,7936.418595215602,2907.1312477133242,14048.737377621193,10262.037830653811,3557.3982720944796,12856.216639214414,12667.06157905314,1971.4365539245025,7663.268053514252,21281.771364861237,11577.954249445735,12819.002933563192
9553.879696989969,9070.687810555344,18201.462146127036,0.0,16482.04259176131,16854.374844549453,12414.651395024008,12722.770660771743,13189.200319757518,12662.097516689166,19454.329925077833,5667.500681560398,9929.639945105753,5724.201699409892,5222.153024117688,11013.294710144492,11194.65248425998,15196.785051420045,15057.75329609013,8479.109952365452,8173.024331587939,8520.98707312813,3991.1302520801287,15014.365572654773,5166.692097662494,12298.996565769216,11771.647994624329,7104.921980189317,3020.528677328301,3000.5846343110406,7295.522493785501,6857.262669531256,14212.999560981683,22144.801154569457,11352.214034338547,15126.339753052318,11136.685252164598,1725.937432239555,5599.769414471655,6229.139470975059,18573.51231596469,9592.146712194573,10052.289563925071,4724.741367762165,11469.435367704818,11518.029041431279,4805.700669811752,4953.093326284895,4671.467657556409,13037.904368100091,13970.430777319321,8841.069833418998,9633.833816429773,9147.645401635806,2257.1363113126968,12249.588767411848,5445.845682302002,5691.105202708115,14971.776790303848,9721.36837251045,9162.200502831463,8986.913790791355,9041.304914996033,6770.515737371228,15894.044400914005,15845.51130317159,13919.196024022232,13826.466722579129,3509.747465453077,3157.890549078392,1942.9726722923297,16329.274220332367,12346.702587552369,7597.777285488184,7779.689944613519,8553.606954235916,15047.796533135142,12737.769355231003,12903.748277178003,5649.043956691976,9959.063406560525,9870.552559996246,9270.491560251305,9138.822607963804,9413.22952453953,10378.315212322701,17930.255108668323,16184.067275197114,3951.201882888359,20790.76335861728,15184.294877520471,5546.442146946951,5467.867026552053,18470.592215163782,10538.492795809616,3426.9341431550483,12265.197987235702,6212.714943388823
9198.65971113183,9219.62706168923,6821.407477458795,16354.6770154578,0.0,1181.960337266558,4355.77565153768,3901.7655098176842,10436.600556711159,9939.983772182319,2972.287333316518,19008.600882448383,7262.023075223189,11777.21864126396,11412.535534518727,10144.140611523835,9506.681523218569,7050.357556444217,7703.294405627514,8193.805425610679,8351.43616714467,8437.61421151161,16442.256785102833,2980.60915328522,21444.917993023857,7973.261942833721,8204.083363560874,14244.356819135555,13385.056280711955,13632.760057784828,9347.390752218282,9795.820337629608,4769.482577741203,5662.758562808132,11292.958551967471,1371.9936452228262,6469.817259004748,15538.21945359354,10851.10383683154,10380.712632867608,2091.469724203375,10753.609655684984,10295.245748775667,17522.788443246918,7213.065632615157,8094.695859291059,11646.456223749734,12044.682050781374,11780.689236005077,5944.5777706228,6377.239335850643,16003.031738090056,8513.957040782403,8641.773081417978,18535.362206674065,5655.801119861078,19177.048923941995,19422.308444348102,4658.885321601506,6764.377170396666,7500.849766857942,7510.559510768652,7451.744162219562,13386.886577184687,2324.3239880016054,2885.357306033868,8071.825237127882,2655.5758691821798,17240.95070709307,16151.77714945766,14433.584007340152,1524.635277744152,5842.445544047778,8932.414501768773,9044.221252270943,8686.117690223939,12912.777180177707,8699.947523332874,9247.330818451626,12788.478795638213,9644.735154930739,10271.297342634152,8202.355679973685,8194.048012488081,7581.328529668967,8821.799507114583,1983.1015314177466,5611.750073179314,12472.12605127637,4308.720766855959,3885.940209735492,11088.246411689464,11090.450252708315,5169.912532464525,7751.398903728603,19705.160038516413,12113.902658819754,10876.065427972031
9576.80202042939,9597.76937098679,7259.969831076573,16732.81932475536,1181.960337266558,0.0,4741.608049526021,4279.907819115247,10977.762433763372,10481.145649234531,3018.7824808826153,19386.743191745943,7640.165384520751,12155.360950561522,11790.677843816291,10522.282920821399,9884.823832516133,7591.519433496432,8244.456282679728,8571.947734908243,8729.578476442233,8815.756520809171,16820.399094400393,3521.771030337435,21823.060302321417,8359.094340822061,8582.225672858438,14622.499128433119,13763.198590009519,14010.902367082392,9725.533061515845,10173.962646927172,5310.644454793417,5627.648912499595,11671.100861265033,1728.0350914971382,6847.95956830231,15916.361762891103,11229.246146129104,10758.854942165171,2331.175873694033,11131.751964982544,10673.388058073228,17900.93075254448,7591.2079419127185,8472.83816858862,12024.598533047298,12422.824360078937,12158.83154530264,6412.539710113085,6918.401212902857,16381.17404738762,8892.099350079963,9019.915390715538,18913.504515971625,6041.633517849419,19555.191233239562,19800.45075364567,5191.357200128516,7142.519479694228,7878.992076155504,7888.701820066214,7829.886471517124,13765.028886482249,2856.7958665286155,3417.829184560878,8612.987114180094,3141.8946656556295,17619.093016390638,16529.919458755223,14811.726316637716,2057.1071562711622,6220.58785334534,9310.556811066333,9422.363561568507,9064.259999521502,13453.93905722992,9085.779921321213,9633.163216439967,13166.621104935777,10022.877464228299,10649.439651931712,8580.497989271245,8572.190321785642,7959.470838966529,9199.941816412143,1075.880264118865,6144.221951706324,12850.268360573933,4273.611116547421,4418.412088262502,11466.388720987028,11468.592562005879,5660.172617885761,8129.541213026165,20083.302347813973,12492.044968117316,11254.207737269593
5106.878538599948,5127.845889157353,6552.124755762722,12262.89584292593,4347.178479761175,4761.901171782711,0.0,523.4807149507714,6379.683264058281,5883.066479529443,7319.465813077695,14916.81970991652,3170.241902691311,7685.437468732084,7320.754361986849,5868.15245865404,5230.693370348774,4828.763150133162,5763.212111073276,4102.0242530788,4259.654994612792,4345.833038979727,12350.475612570955,2722.4991853824577,17353.136820491985,3617.486291296041,3928.095210691072,10152.575646603676,9293.275108180082,9540.978885252955,5255.609579686406,5704.039165097733,3037.113954274049,10009.937042569307,7016.970399097674,3033.866080285573,2378.036086472868,11446.438281061666,6759.322664299665,6288.93146033573,6438.648203964552,6661.828483153105,6203.464576243789,13431.00727071505,2937.0774797453546,3818.707706421258,7554.675051217861,7952.9008782495,7688.9080634732045,2071.5655121605855,3047.4768635536325,11911.250565558177,4422.175868250522,4549.991908886097,14443.581034142191,1300.025468323399,15085.26775141012,15330.527271816234,3400.2507087462336,2672.5959978647866,3409.0685943260623,3418.7783382367734,3359.9629896876804,9295.105404652812,3602.178013641694,3553.6449158992727,4669.101059503503,1721.6893339191945,13149.169534561195,12059.995976925786,10341.802834808279,4037.407833060058,1750.6643715158978,4840.633329236891,4952.4400797390645,4594.336517692061,8855.859887524828,4344.171871795194,4891.555166913949,8696.697623106333,5552.953982398854,6179.516170102275,4110.574507441803,4102.266839956199,3489.5473571370862,4570.4775758043925,5837.7814359015765,4534.729884832799,8380.344878744496,8655.899246617133,3155.913281694216,6996.465239157586,6998.669080176437,6587.133377100776,3605.808315166153,15613.378865984543,7837.914505949952,6784.284255440154
5296.894201314143,5317.861551871548,6385.933989676492,12452.911505640124,3999.047047854161,4371.379300642308,475.10627805482613,0.0,6854.789542113108,6358.17275758427,6971.33438117068,15106.835372630716,3360.2575654055054,7875.453131446279,7510.770024701044,6242.375101706156,5604.91601340089,5026.048873227816,5960.49783416793,4292.039915792994,4449.670657326986,4535.8487016939225,12540.49127528515,2531.3700287476295,17543.15248320618,4092.5925693508684,4302.317853743189,10342.591309317868,9483.290770894277,9730.99454796715,5445.625242400601,5894.054827811928,2870.9231881878195,9661.805610662293,7391.193042149791,2643.3442091451707,2568.0517491870633,11636.453943775861,6949.338327013859,6478.947123049924,6090.516772057536,6851.8441458673,6393.4802389579845,13621.022933429245,3311.3001227974714,4192.930349473375,7744.690713932056,8142.916540963695,7878.923726187399,2268.8512352552398,3244.7625866482867,12101.266228272369,4612.1915309647175,4740.007571600292,14633.596696856386,1775.1317463782252,15275.283414124315,15520.54293453043,3234.059942660004,2862.6116605789816,3599.0842570402574,3608.7940009509684,3549.9786524018755,9485.121067367007,3411.048857006866,3362.5157592644446,5144.1147959406735,1343.471178671982,13339.18519727539,12250.01163963998,10531.818497522474,3846.2786764252296,1940.6800342300921,5030.648991951086,5142.455742453259,4784.352180406256,9330.966165579654,4819.278149850022,5366.661444968775,8886.713285820526,5742.969645113049,6369.53183281647,4300.590170155999,4292.282502670394,3679.5630198512813,4920.033997296896,5447.259564761173,4368.539118746569,8570.360541458691,8307.76781471012,2989.722515607986,7186.4809018717815,7188.684742890631,6405.7179066950885,3849.633393910917,15803.394528698738,8212.137149002068,6974.299918154349
4353.156681605057,5053.253942727496,9743.240213982392,13262.217597823972,10543.19184797127,11073.22030510582,6359.892078547149,6883.372793497921,0.0,582.1852698727054,12905.753537703313,14719.980108725029,5390.147690871308,9577.02256416482,9037.37217935338,2749.8183448060445,3131.180568663643,3983.7260127161935,3844.694257386272,6225.727704286114,6093.7215696085905,5693.158251003817,13486.832093792429,7882.372405056078,18125.073255706528,2994.872531751214,2852.903938686981,9011.651044136877,10292.596863078126,10702.342095449554,6997.280993871657,7402.2625339398155,5773.709270230064,15596.224767194928,1992.6253527938916,9345.185213608682,4859.359984730011,12445.76003595971,8228.304754912297,7814.190376522135,12024.935928590174,3821.3469549092792,3260.8359764813554,13534.547808577936,3950.126116390561,3262.3762464832707,9023.657141830488,8931.695979629545,9157.890154085831,4806.308926752459,4302.34081691167,9814.258338006932,4797.942813801774,4960.336108698716,15442.902789040238,5116.137039365733,14498.32510946663,14743.584629872745,6513.554858159201,6330.746910378164,6429.073898605596,6653.734869768529,6191.9936914226055,11186.690500085546,8367.974510892116,7806.941192859854,2706.1369853183787,8045.312183135492,12562.226892617706,12653.592390790685,11341.124589706324,9167.663221149569,7293.301809969434,6236.647821876683,6477.69899592547,6656.155244386872,2507.381643746076,2186.63842545054,1720.803656133307,8041.081390535164,4073.4723739862247,4729.907785883355,5322.498093826747,5518.952870717016,5643.204676843727,4140.685486296954,11916.567735804547,7725.845343052468,9721.623561880848,14242.186971242754,6806.35828915823,8713.083056524118,8523.927996362841,10012.370283019138,4518.800294532695,16612.700620882588,2322.406280018339,8675.86935087289
3826.0538785367044,4526.151139659143,9246.623429453553,12735.11479475562,10046.575063442433,10576.603520576982,5863.275294018311,6386.756008969082,582.1852698727055,0.0,12409.136753174476,14670.231182281166,4807.962420998605,9049.919761096467,8510.26937628503,2222.7155417376916,2585.016775019308,3487.109228187356,3348.077472857435,5698.62490121776,5566.6187665402385,5166.055447935463,12984.736019699203,7385.755620527241,17825.35577232168,2412.6872618785087,2270.7186688142765,8484.548241068525,9765.494060009774,10175.239292381202,6470.178190803305,6875.159730871464,5277.092485701228,15099.607982666092,1942.87642635003,8848.568429079844,4277.174714857307,11918.657232891359,7701.201951843944,7287.087573453783,11528.319144061337,3294.2441518409264,2733.7331734130025,13484.798882134073,3367.9408465178567,2680.1909766105664,8496.554338762138,8404.593176561193,8630.787351017481,4309.692142223622,3805.7240323828332,9287.155534938582,4251.779020157441,4433.233305630362,14915.799985971886,4619.520254836894,14448.576183022768,14693.835703428882,6016.938073630363,5748.561640505458,5846.88862873289,6126.6320667001755,5609.808421549899,10659.587697017194,7871.35772636328,7310.324408331017,2209.520200789542,7548.695398606654,12512.477966173843,12532.214928755478,10814.021786637972,8671.046436620732,6711.116540096728,5709.545018808331,5950.596192857118,6129.05244131852,2980.4210806013243,1690.0216409217023,1138.6183862606015,7513.978587466811,3546.369570917872,4202.804982815002,4795.3952907583935,4991.850067648662,5061.0194069710205,3558.5002164242483,11419.95095127571,7229.2285585236295,9194.520758812498,13745.570186713918,6309.741504629394,8185.980253455768,7996.82519329449,9515.7534984903,3936.615024659989,16085.597817814238,2474.4587877336294,8148.766547804538
12170.947044448345,12191.914395005746,8925.604397114375,19326.964348774323,2972.287333316518,3018.782480882616,7328.062984854201,6874.052843134204,12799.162246443208,12302.545461914367,0.0,21980.888215764888,10234.310408539708,14749.505974580483,14384.82286783525,12875.568554175125,12301.654855896093,9334.983156034365,9987.92000521766,11166.092758927203,11323.723500461194,11409.90154482813,19414.544118419337,5646.725474103251,24417.20532634038,10612.853024549871,10928.730694951239,17216.64415245208,16357.34361402848,16605.04739110135,12319.678085534804,12768.10767094613,7132.04426747325,2690.4712294916135,14017.605883357834,4344.280978539344,9442.104592321268,18510.50678691006,13823.391170148065,13352.999966184132,880.8176091131431,13725.8969890015,13267.533082092183,20495.075776563423,10123.533752729742,10868.745338383687,14618.743557066258,15016.969384097898,14752.976569321601,8307.139460354847,8739.801025582696,18975.319071406575,11486.244374098918,11614.060414734493,21507.649539990587,8628.088453177601,22149.33625725852,22394.59577766463,6872.340360411098,9736.664503713188,10473.137100174465,10482.846844085174,10424.031495536081,16359.17391050121,4537.7790268111985,5098.812344843461,10356.450836718024,5627.863202498699,20213.2380404096,19124.06448277419,17405.871340656675,3738.090316553745,8814.732877364297,11904.701835085292,12016.508585587468,11658.405023540461,15275.338869909756,11336.266258374379,11841.332442367353,15760.766128954738,12617.022488247254,13243.584675950668,11174.6430132902,11166.335345804597,10553.615862985485,11641.439061351713,1942.9022167637509,7825.2051119889065,15444.413384592894,1336.43343353944,6099.3952485450845,14060.533745005987,14062.73758602484,7325.80718392356,10723.68623704512,22677.447371832935,14721.535931773627,13848.352761288554
12089.303356522885,11606.111470088264,20736.88580565996,5629.955643195562,19017.466251294227,19389.798504082373,14950.075054556926,15258.194320304661,15684.667219811341,15157.56441674299,21989.75358461075,0.0,12465.063604638666,8133.884422676514,7631.83574738431,13757.669640765362,13730.076143792898,17732.208710952957,17593.17695562304,11014.53361189837,10708.447991120856,11056.410732661046,2801.40623174843,17549.789232187697,9023.22084835253,14834.420225302134,14307.071654157247,9849.29691081019,5833.3095474923,5375.840824663559,9705.20521705212,9266.945392797878,16748.423220514604,24680.224814102374,14096.588964959417,17661.763412585235,13672.10891169751,4000.269873672703,8135.193074004571,8764.563130507973,21108.935975497607,12336.521642815444,12796.664494545941,1485.8124392014697,14004.859027237733,14053.452700964197,7524.169128850201,7697.468256905764,7389.936116594858,15573.328027633006,16505.854436852238,11585.444764039868,12169.257475962691,11683.06906116872,7843.78916986616,14785.01242694476,1727.1144924813536,752.2550209557347,17507.200449836775,12256.792032043368,11697.624162364382,11522.337450324274,11576.728574528952,9180.19846063785,18429.468060446932,18380.934962704516,16454.61968355515,16361.890382112048,2157.7532161073214,3551.739983436696,4894.67685410889,18864.6978798653,14882.126247085287,10133.200945021103,10302.693352648845,10973.950442218118,17792.17146375601,15273.193014763921,15439.171936710922,8393.418887312848,12494.487066093443,12405.976219529164,11805.91521978422,11674.24626749672,11948.653184072447,12913.73887185562,20465.678768201244,18719.49093473004,6695.576813509228,23326.187018150198,17719.718537053388,7956.124870213573,8003.290686084969,21006.015874696703,13073.91645534253,8595.475744633439,15009.572917856573,8622.397666655444
1982.6662817049769,2065.5432780944357,8339.93966276201,9913.927204110572,7299.053829615226,7671.386082403372,3231.6626328779234,3539.7818986256575,5301.04708879458,4718.861818921875,10271.34116293174,12567.851071101164,0.0,5702.795009163063,5163.144624351623,3167.863331614627,2530.4042433093623,5481.631701743136,5768.070155438164,2004.417503175584,2092.0045499325424,1674.8165152147171,10001.506973755599,5831.376810508694,15004.168181676632,3009.3134251172487,2481.964853972365,7803.60700778832,6944.306469364727,7192.010246437601,3123.0534388698993,3528.0349789380543,4351.477077616652,12961.812392423353,4327.370076709088,5943.350990906234,1207.0453070588433,9097.46964224631,4410.354025484312,3939.962821520377,9390.5235538186,3560.4793903278996,3207.0863717387906,11082.038631899693,1610.1251321697787,2228.345900779314,5205.706412402509,5603.932239434149,5339.939424657852,3176.381884735055,4108.9082939542905,9273.681487765523,1297.963611355551,1487.6892978231792,12094.612395326834,2319.9488223060944,12736.299112594766,12981.558633000881,5110.254306938821,1281.403461409577,1522.1103577729548,1947.5443046307616,1285.0301505899654,7312.462945083791,6690.282439429501,6129.249121397239,4629.512883370269,4643.477960433044,10800.200895745842,9711.027338110429,7992.834195992923,7146.285458186294,3190.0456389619803,2362.420266874924,2603.4714409237113,2654.4382247108256,7601.017222541625,3448.0862145790397,3614.065136526039,6347.728984290979,2428.741725503884,3055.3039132073022,1054.5800209757024,1048.5314628550527,736.2411360110862,1767.5147507183967,8747.266346522234,6322.544791832088,6031.376239929144,11607.77459647118,5254.654932414717,4838.85550152236,4649.700441361083,8609.069731798756,854.1402287600877,13264.410227169186,5240.354029606245,4801.641795871133
5376.405901408098,5092.217994663826,13895.092536448808,5696.395120144193,11741.171064582786,12113.503317370934,7673.7798678454865,7981.8991335932205,9663.683573157283,9136.58077008893,14713.4583978993,8142.688030634092,5623.270335427504,0.0,889.2981038322762,7049.284070567954,6932.093927905279,10934.22649506534,10795.194739735425,3879.13919812591,3835.665891757031,4183.628633297221,5576.343933288532,10273.49404547625,10786.636097710252,8036.438009414507,7509.089438269625,5034.626732238563,2726.774385398347,2974.478162471221,2815.5358693267513,2440.2139988210097,9906.629951303452,17403.929627390917,7953.689390276711,10385.468225873796,6830.315642486346,4879.9375582799275,1850.7619824639,2273.9416011025446,13832.64078878616,6954.219010031015,6653.7649198632325,6656.875591432622,7163.065758026586,7255.470485076575,1781.0700437822497,2402.3800850009306,1774.0583944516654,8731.53475842186,9664.061167641092,6793.301651193063,5371.275260075066,4841.2757919575615,7877.080311360454,7943.2191577336,8518.767028628392,8764.026549034503,10665.407180625616,5198.831613688271,4619.691501885215,4245.783633442191,4703.946475165125,1799.1164039604523,11153.172873735482,11104.639775993068,9656.637467667528,9085.595195400607,6582.668811779467,5493.495254144049,3775.302112026543,11588.402693153845,7605.8310603738455,3291.40767580994,3046.6234958156488,3651.0909337275352,11649.271889073307,8475.210798876298,8641.189720823299,3578.748708741222,5822.481345207003,6068.104188010885,4964.1219505730605,4832.452998285558,5075.8710847086195,6115.756655967994,13189.383581489796,11877.697665518883,1945.8949016534427,16049.891831438741,10750.02891625284,1176.5827125286874,1534.0320916781413,14147.841923423717,6232.123186131376,9046.878143202806,8866.673343173867,901.1532132919303
4823.784952736274,4422.094701737029,13342.471587776985,5185.5428368944085,11432.194825689057,11804.527078477206,7364.803628951757,7672.922894699491,9111.06262448546,8583.959821417107,14404.48215900557,7631.835747384308,5070.649386755682,871.7475730795917,0.0,6496.66312189613,6379.472979233456,10381.605546393517,10242.573791063602,3570.162959232179,3314.0337732378707,3661.996514778061,5065.491650038748,9964.517806582522,10275.783814460468,7483.817060742684,6956.468489597802,4279.351427303936,2215.9221021485628,2463.6258792214367,2073.369469667813,1635.1096454135677,9354.009002631628,17094.953388497182,7401.068441604887,10076.491986980067,6277.694693814525,4369.085275030143,1004.6172456309401,1427.796864269584,13523.664549892432,6307.1486548609655,6101.143971191409,6146.023308182838,6610.444809354762,6702.849536404751,1025.7947388476234,1647.104780066304,1018.7830895170392,8178.913809750036,9111.44021896927,6038.026346258436,4818.654311403243,4288.654843285737,7366.22802811067,7390.598209061778,8007.914745378609,8253.17426578472,10112.786231953793,4862.377814160378,4303.209944481394,3936.8073945484607,4182.314356645964,2670.863977040044,10844.196634841754,10795.663537099339,9104.016518995704,8776.618956506878,6071.816528529684,4982.642970894265,3264.4498287767587,11279.426454260116,7296.854821480116,2738.7867271381165,2670.8576052645376,3342.1146948338046,11096.650940401485,7922.589850204474,8088.568772151475,2823.4734038065953,5269.8603965351795,5221.959451177928,4411.501001901236,4279.832049613736,4554.238966189459,5563.135707296171,12880.407342596067,11325.07671684706,1389.4805501387048,15740.91559254501,10325.3043191704,324.2891228292627,670.2772513507668,13611.601656813731,5679.502237459552,8536.025859953023,8314.052394502043,990.5619192711345
1966.108329426633,2666.205590549071,9518.097536209098,11137.523941490454,9785.303537712516,10157.635790500664,5571.30370235275,6026.031606722948,2692.3244539980897,2165.2216509297373,12661.679218536989,13751.313033414806,3081.657544100184,7189.9742119863995,6650.323827174961,0.0,453.2784105429938,4717.427090333531,4578.395335003609,3838.6793521076916,3706.6732174301683,3306.1098988253943,11387.145166434037,7638.298085889752,16227.764919056517,2336.5063875883748,1813.662938298897,6886.957387803354,8167.903206744608,8577.648439116034,4610.2326416932365,5015.214181761393,5529.634951063739,15352.150448028604,1409.4742501611772,8429.600699003526,3314.871290504696,10321.066379626192,5841.256402733874,5427.142024343712,11780.86160942385,1696.653298575757,1136.1423201478337,12467.676824578131,2687.680156417189,1941.7908888926445,6636.60878965207,6807.002323296023,6770.841801907413,4354.539758182143,5036.041894529007,7689.5646816734115,2120.0406556811263,2573.2877565202916,13318.20913270672,4228.539890335774,13529.658034156406,13774.91755456252,6288.412180385908,3946.2336794238504,4044.560667651281,4266.686517590108,3807.480460468294,8799.642147907127,8123.900191725791,7562.866873693529,3439.8380629357157,7129.727668530335,11593.559817307483,10934.624075490312,9216.430933372805,8923.588901983245,5980.851291494027,3849.5994696982607,4090.650643747048,4269.106892208451,4950.30428599929,2550.9912530119063,2043.5612038710956,5916.387734201642,1874.9406248250743,2605.214129549834,2935.4497416483214,3131.904518538592,3258.691445889415,1518.6762874854144,11233.516054619526,7500.702665279175,7462.278617178706,13998.11265207643,6562.283969991905,6326.034704345698,6136.87964418442,9787.227605245846,2257.176280297617,14488.006964549071,2322.4582030583338,6288.820998694469
1737.9949089666152,2424.4209180339085,9121.878437591022,11031.809024880058,9365.530414969531,9737.862667757676,5151.5305796097655,5606.258483979961,2930.2670604977357,2403.1642574293833,12265.460119918913,13685.732891870653,2661.8844213572006,6876.953655506323,6337.303270694885,670.9643761052743,0.0,4955.369696833178,4816.337941503257,3426.7347375568606,3303.2559783415404,2894.1652842745634,11119.388794525088,7242.078987271676,16122.050002446122,2574.4489940880203,2051.6055447985427,7332.326912950045,8062.188290134213,8309.892067207087,4297.21208521316,4702.1936252813175,5133.415852445663,14955.931349410528,1830.4711211997364,8009.827576260538,2895.098167761711,10215.351463015797,5528.235846253799,5114.121467863638,11384.642510805774,2142.0228237224464,1581.511845294523,12199.920452669183,2267.9070336742047,1799.9296236529601,6323.588233171995,6721.814060203635,6457.821245427338,3958.3206595640677,4890.847068783302,8134.934206820101,1700.2675329381418,2161.3431419694607,13212.494216096324,3808.766767592789,13767.600640656052,14012.860161062166,5892.193081767832,3526.4605566808673,3624.7875449082976,3854.741903039277,3387.7073377253105,8486.62159142705,7727.681093107715,7166.647775075453,3677.780669435362,6709.954545787348,11831.502423807127,10828.909158879917,9110.71601676241,8527.369803365169,5561.078168751042,3536.5789132181853,3777.6300872669726,3865.6896531198236,5188.246892498936,2788.933859511552,2281.503810370742,6361.757259348332,1883.8154158988518,2810.632540468941,2521.335824691511,2719.959903987761,2838.9183231464312,1098.9031647424297,10813.742931876537,7104.483566661099,7149.25806069863,13601.893553458354,6166.064871373829,6013.014147865622,5823.859087704345,9391.00850662777,1837.403157554632,14382.292047938676,2743.455074096893,5975.800442214393
6237.549967758703,6509.331941637592,6026.223688439991,15043.976147909925,7050.357556444222,7591.519433496435,4828.763150133162,5032.817150177027,3967.979226111844,3471.3624415830077,9334.983156034361,17697.90001490051,5931.116272572934,10882.782095187536,10343.131710376092,4915.2709361705065,4869.037607521811,0.0,934.4489609401131,7395.60143375882,7272.122674543499,6863.031980476523,15131.555917554952,4389.538113529032,20134.21712547598,3298.115563090358,3471.204598649696,11576.633473015281,12074.355413164078,12322.05919023695,8303.04052489437,8708.022064962524,2545.8745624591606,12025.454385525974,5336.025915703353,6110.9445434955505,4935.226876568625,14227.518586045662,9540.402969283663,9119.949907544848,8454.165546921222,6386.329383787679,5825.818405359756,16212.087575699046,4502.078512439576,3880.676906445986,10335.755356201857,10733.981183233496,10469.9883684572,2757.1976379725766,1851.4724662175004,12379.240766885336,5580.099080324994,6130.209838171422,17224.66133912619,4118.473456604959,17540.010353562182,17785.26987396829,2796.538332616801,7008.410580609925,7106.737568837357,7532.171515695163,6869.6573616543665,12492.450031108263,4797.204129223166,4236.170811190904,1322.9000344255196,5363.615913087219,15603.912136713257,14841.076281909782,13122.883139792275,5596.892839480619,6430.773832631457,7542.407352899397,7783.458526948183,7834.5563493217805,6444.155849578389,2505.083238043021,3010.1494220359955,10606.063819413566,6463.913507230774,7294.890214761757,6216.189007424786,6425.697563717393,6320.868347075488,4818.349156528716,8345.797354135595,4008.8288175100683,11161.425183728492,10671.4165895738,3235.587907489281,10018.84258754683,9829.687527385555,6295.353757476738,5137.1009544954095,18394.459170968537,5890.352911442272,9981.628881895607
6053.207205401077,6324.989179279965,6679.160537623286,14859.633385552297,7703.294405627518,8244.456282679732,5763.212111073273,5967.266111117138,3783.6364637542183,3287.019679225382,9987.920005217658,17513.55725254289,5824.105588476399,10698.43933282991,10158.788948018468,4730.92817381288,4684.694845164185,934.4489609401132,0.0,7211.258671401194,7087.7799121858725,6678.689218118897,14947.213155197327,5042.474962712327,19949.874363118357,3113.7728007327323,3286.8618362920697,11392.290710657653,11890.012650806451,12137.716427879324,8118.697762536744,8523.6793026049,3198.8114116424563,12678.391234709272,5151.683153345728,6763.881392678847,5293.317882335102,14043.175823688036,9356.060206926037,8935.607145187223,9107.10239610452,6201.986621430053,5641.47564300213,16027.744813341422,4384.084013995651,3696.3341440883596,10151.41259384423,10549.63842087587,10285.645606099573,3691.6465989126896,2785.921427157614,12194.898004527708,5395.756317967368,5945.867075813796,17040.318576768565,4754.4180269576,17355.667591204558,17600.927111610665,3449.475181800097,6824.067818252299,6922.3948064797305,7347.828753337537,6685.31459929674,12308.107268750637,5450.140978406463,4889.1076603742,1138.5572720678938,6016.552762270515,15419.56937435563,14656.733519552155,12938.540377434649,6249.8296886639155,7066.718402984097,7358.0645905417705,7599.115764590557,7650.213586964154,6259.813087220764,2320.7404756853953,2825.8066596783697,10421.721057055942,6279.570744873147,7110.547452404131,6031.8462450671595,6241.3548013597665,6136.525584717861,4634.00639417109,8998.734203318892,4661.7656666933635,10977.082421370866,11324.353438757098,3888.5247566725766,9834.499825189205,9645.34476502793,6948.290606660033,4952.758192137784,18210.116408610913,5706.010149084646,9797.286119537981
2153.9857939822746,1928.147567512796,10417.011830785212,8421.954135990389,8102.549798424616,8474.882051212762,4035.1586016873134,4343.277867435047,6366.068318861825,5838.965515793471,11074.83713174113,11027.453660333813,2139.5631284307124,3910.2147009422188,3395.617912949501,3751.668816272495,3546.7604347024258,7501.363120539648,7362.331365209728,0.0,418.71328767725805,643.6152451387318,8461.109562988247,6634.872779318083,13512.195113556449,4603.574634888811,4076.2260637439285,6311.6339396681415,5452.333401244544,5700.037178317419,1330.4731306490557,1778.9027160603828,6428.549245639852,13765.308361232745,4731.269282850891,6746.846959715624,3120.7492166583706,7605.496574126124,2918.3809573641306,2447.989753400198,10194.01952262799,3731.7989026051973,3431.3448124374127,9541.641221132342,3684.985052362984,3822.607110550878,3713.7333442823274,4111.959171313968,3847.966356537671,5253.454052758256,6185.98046197749,8070.308858622641,1938.4118855493684,1376.437387443834,10602.63932720665,4150.324324572579,11244.326044474583,11489.585564880697,7187.326474962021,1346.6640309491083,762.8231628645241,579.8156692374271,863.771767610714,5519.882636862945,7514.551607577319,7466.0185098348975,6223.774093141833,5446.973929242434,9308.227827625658,8219.054269990245,6500.86112787274,7949.781426995683,3967.2097942156715,1138.4155353958938,1111.4983728035322,669.2000686547113,8426.851781647489,5042.347424350602,5208.326346297603,4855.7559161708,2600.0612377811817,3077.422010649815,1486.0412449094617,1354.3722926219605,1433.0743326570187,2682.893281442298,9550.762315331624,8399.616959855288,4539.403171808961,12411.27056528057,7085.030434681201,3071.3287901202384,3157.7273732409044,10509.220657265543,2754.0424804677755,11772.437159049003,5644.253235748048,3009.061487650289
1858.3332903837327,1632.495063914254,10121.35932718667,8277.117367226463,8309.018260173372,8681.350512961519,4241.627063436069,4549.746329183803,6070.415815263283,5543.31301219493,11281.305593489886,10931.041234217053,1849.5371261653647,4026.050189847005,3511.4534018542868,3456.0163126739535,3251.107931103885,7205.710616941107,7066.678861611187,306.08562077751526,0.0,347.96274154019017,8364.697136871488,6841.34124106684,13367.358344792523,4307.92213129027,3780.573560145387,6166.797170904215,5307.496632480617,5555.200409553492,1446.3086195538422,1891.2251420539499,6132.896742041311,13971.7768229815,4435.616779252347,6953.31542146438,3056.582433224207,7460.659805362198,2773.544188600204,2303.1529846362723,10400.487984376747,3436.146399006655,3135.6923088388703,9445.228795015582,3389.3325487644424,3526.9546069523362,3568.896575518401,3967.1224025500414,3703.1295877737443,4957.801549159714,5890.327958378949,7925.472089858716,1642.7593819508265,1080.7848838452921,10457.802558442725,4154.833140369959,11099.489275710657,11344.748796116772,6891.67397136348,1548.3440409225082,989.1761712435239,813.8894592034133,868.2805834080941,5635.718125767733,7721.020069326076,7672.486971583654,5928.121589543292,5653.44239099119,9163.391058861733,8074.21750122632,6356.024359108814,8156.24988874444,4173.678255964427,725.8199697513736,966.6616040396061,785.0355575594978,8131.199278048945,4746.694920752061,4912.673842699062,4710.919147406874,2304.40873418264,2781.769507051273,1190.3887413109203,1058.719789023419,1240.2051929515878,2387.240777843756,9757.23077708038,8103.964456256746,4394.566403045034,12617.739027029325,7089.539250478581,3187.1642790250244,3012.8906044769788,10390.489396223416,2458.389976869234,11627.600390285077,5348.600732149504,3124.8969765550755
1510.3705488435423,1284.532322374064,9773.396585646478,8378.954129319143,8409.613622219771,8781.945875007917,4342.222425482468,4650.341691230202,5722.45307372309,5195.350270654736,11381.900955536285,11032.877996309733,1501.5743846251746,4167.8219343716355,3628.1715495601966,3108.0535711337625,2903.145189563694,6857.747875400916,6718.716120070996,532.5694532822972,426.4624868993775,0.0,8466.533898964168,6941.936603113239,13469.195106885203,3959.9593897500804,3432.610818605196,6268.633932996894,5409.333394573297,5657.037171646171,1588.0803640784723,1993.061904146628,5784.93400050112,14072.372185027898,4087.6540377121582,7053.910783510779,2708.6196916840163,7562.496567454877,2875.3809506928833,2404.9897467289506,10501.083346423145,3088.183657466465,2787.72956729868,9547.065557108263,3041.3698072242523,3178.9918654121457,3670.73333761108,4068.9591646427207,3804.9663498664236,4609.838807619523,5542.365216838757,8027.308851951394,1294.7966404106364,732.822142305102,10559.639320535405,3821.5232069312674,11201.326037803336,11446.58555820945,6543.711229823289,1648.939402968907,1135.8633308048243,960.5766187647137,1014.9677429693944,5777.489870292362,7821.615431372475,7630.823506022411,5580.158848003101,5754.037753037589,9265.227820954413,8176.054263318999,6457.861121201493,8256.845250790839,4274.273618010826,827.4471920834974,1068.4983661322844,988.8961616776603,7783.236536508756,4398.73217921187,4564.71110115887,4812.755909499553,1956.4459926424493,2433.8067655110835,842.4259997707302,710.7570474832289,998.8755116355935,2039.2780363035652,9857.826139126779,7756.001714716555,4496.403165137714,12718.334389075724,6756.229317039888,3303.882426730934,3114.727366569657,10042.526654683226,2110.427235329044,11729.437152377757,5000.637990609315,3266.668721079706
9522.959259177323,9039.767372742699,18170.54170831439,3973.1336370163363,16451.122153948665,16823.454406736808,12383.730957211363,12691.850222959098,13491.156373681737,12964.053570613385,19423.409487265188,2801.40623174843,9898.719507293108,5567.540325330952,5065.491650038748,11191.3255434198,11163.732046447334,15165.8646136074,15026.832858277485,8448.189514552807,8142.103893775294,8490.066635315485,0.0,14983.445134842128,7937.471397343704,12268.07612795657,11740.727556811684,7282.952813464624,3266.9654501467394,2809.4967273179977,7138.861119706561,6700.601295452316,14182.079123169038,22113.880716756812,11530.244867613856,15095.419315239673,11105.764814351953,2343.447867493478,5568.84897665901,6198.219033162414,18542.591878152045,9770.177545469882,10230.32039720038,1315.59379254696,11438.514929892173,11487.108603618633,4957.82503150464,5131.124159560202,4823.592019249297,13006.983930287446,13939.510339506676,9019.100666694307,9602.913378617128,9116.72496382316,6186.967163686934,12218.668329599202,4310.7232511038155,3553.661252704164,14940.856352491202,9690.447934697804,9131.280065018818,8955.99335297871,9010.384477183388,6613.854363292288,15863.12396310136,15814.590865358945,13888.275586209587,13795.546284766484,2067.8633470429913,954.193030124015,2628.398073227933,16298.353782519722,12315.782149739724,7566.856847675539,7736.349255303285,8407.606344872553,15225.82736641045,12706.848917418358,12872.827839365358,5827.074789967283,9928.14296874788,9839.6321221836,9239.57112243866,9107.90217015116,9382.309086726886,10347.394774510056,17899.33467085568,16153.14683738447,4129.232716163666,20759.842920804636,15153.374439707826,5389.780772868011,5436.946588739408,18439.671777351137,10507.57235799697,7356.764995529286,12443.22882051101,6056.053569309883
7439.61494984234,7711.396923721229,5076.180397743697,14893.32966641332,2980.6091532852206,3521.7710303374356,2731.0963571589646,2440.4181607732003,7775.781113795966,7279.164329267128,5669.8851336419375,17547.25353340391,5800.675726178704,10315.871292219477,9951.188185474246,7852.1874215278895,7278.273723248865,4389.538113529032,5042.474962712327,6732.458076566194,6890.088818100186,6976.266862467125,14980.909436058346,0.0,19983.570643979376,5589.471891902632,5905.349562304002,12783.009470091074,11923.708931667472,12171.412708740345,7886.0434031738,8334.472988585125,2108.663134826014,8360.356363133551,8994.2247507106,2041.1961403365494,4874.177520286885,14076.872104549057,9389.756487787057,8919.365283823125,4789.067524528795,8859.176593589833,8400.812686680518,16061.44109420244,5100.152620082506,5845.364205736452,10185.10887470525,10583.33470173689,10319.341886960594,3283.758327707611,3716.4198929354584,14541.684389045575,6754.912279492914,7180.425732373495,17074.014857629583,3587.0861331716396,17715.70157489751,17960.961095303617,1998.4044890467856,5303.029821352181,6039.502417813457,6049.212161724167,5990.396813175077,11925.539228140204,1132.10610683074,831.145730516815,5411.005794212692,1195.2472661064628,15779.603358048586,14690.429800413176,12972.23665829567,1931.7948170881928,4381.098195003293,7471.0671527242885,7582.873903226458,7224.770341179454,10251.957737262515,6312.885125727145,6817.951309720119,11327.13144659373,7885.6903936412455,8512.252581344665,6741.0083309292,6732.700663443596,6119.9811806244825,6618.057928704484,4597.6512944563,3058.785526813774,11010.778702231886,7006.318567181377,1317.0159846306467,9626.899062644983,9629.102903663832,4340.271045428088,5783.468603194906,18243.81268947193,9698.154799126387,9414.718078927548
14644.120674556036,14160.928788121415,23291.703123693114,5166.692097662494,21572.28356932737,21944.615822115516,17504.892372590075,17813.011638337804,18279.44129732358,17752.338494255226,24544.570902643893,8915.809867129909,15019.880922671817,10814.44267697595,10312.394001683742,16103.535687710548,16284.893461826048,20287.026028986114,20147.994273656197,13569.350929931521,13263.265309154007,13611.228050694197,8019.94835733442,20104.606550220848,0.0,17389.237543335294,16861.8889721904,12195.162957755376,8110.769654894361,8090.825611877102,12385.763471351553,11947.50364709731,19303.240538547758,27235.042132135517,16442.455011904603,20216.580730618378,16226.926229730661,6892.629529902051,10690.01039203772,11319.380448541124,23663.75329353075,14682.38768976063,15142.530541491127,8088.898612899391,16559.676345270887,16608.270018997348,9895.941647377813,10043.33430385095,9761.70863512247,18128.14534566615,19060.67175488539,13931.31081098506,14724.074793995842,14237.886379201871,2909.5557863497975,17339.829744977902,8371.349254624545,8831.106633970003,20062.01776786993,14811.609350076518,14252.441480397532,14077.154768357424,14131.545892562102,11860.75671493729,20984.285378480083,20935.752280737666,19009.437001588307,18916.70770014519,6758.056651022588,7186.708654332681,7033.21364985839,21419.51519789845,17436.94356511843,12688.018263054253,12869.930922179592,13643.847931801985,20138.037510701197,17828.010332797076,17993.989254744072,10739.284934258034,15049.304384126594,14960.793537562315,14360.73253781737,14229.06358552987,14503.470502105598,15468.55618988877,23020.496086234387,21274.308252763196,9041.442860454417,25881.00433618334,20274.53585508654,10636.683124513005,10558.108004118118,23560.833192729857,15628.733773375681,1739.757954507446,17355.43896480176,11302.955920954877
3327.6390354918362,3599.4210093707256,7465.358864327928,12134.065215643062,7975.90779636898,8348.240049157126,3634.9118225984553,4158.392537549226,2994.872531751214,2412.6872618785083,10608.940546655818,14787.989082633658,3098.5374185671576,7972.871162920669,7433.22077810923,2550.0970200296983,2503.8636913810037,3336.3093233472714,3197.2775680173504,4485.690501491957,4362.211742276634,3953.1210482096585,12221.644985288092,5585.559414008585,17224.306193209122,0.0,650.2889747160864,9211.45955687447,9164.444480897217,9412.14825797009,5393.129592627506,5798.1111326956625,3476.8962791825716,13299.411776147432,3692.134349212412,6620.2049576599875,2241.3047199409116,11317.607653778801,6630.492037016799,6210.038975277983,9728.12293754268,4021.1554676468713,3460.6444892189475,13302.176643432187,1475.910035467487,970.7659741791189,7425.844423934996,7824.070250966635,7560.077436190339,2301.801086300975,3234.32749552021,10014.066850744524,2670.1881480581283,3220.298905904556,14314.750406859328,2317.4608229726414,14956.437124127255,15201.69664453337,4235.673508504739,4098.499648343058,4196.826636570489,4622.260583428296,3959.746429387502,9582.539098841396,6071.161519844623,5510.128201812361,2058.720295949457,5320.331927186798,13020.338907278332,11931.16534964292,10212.972207525414,6870.850230102076,4416.904310460778,4632.496420632531,4873.547594681318,4924.645417054916,5385.480669873892,877.2936271582278,1274.0688756179065,8240.889903272757,3554.002574963905,4400.276666994162,3306.278075157917,3515.7866314505236,3410.9574148086226,1908.438224261848,9424.120313275987,5447.963993398006,8251.514251461631,11945.373980195258,4509.545298110737,7108.931655279967,6919.77659511869,7734.488933364676,2227.1900222285412,15484.54823870168,4513.078456064692,7071.717949628739
2766.345369109007,3038.1273429878966,7784.850309426533,11572.771549260233,8205.211278825504,8577.54353161365,3950.789492999826,4445.939347835933,2852.9039386869813,2270.718668814276,10928.431991754424,14226.695416250828,2537.243752184328,7411.57749653784,6871.9271117264025,2027.2535707402208,1981.0202420915257,3425.137056795718,3286.105301465797,3924.3968351091266,3800.9180758938064,3391.8273818268294,11660.351318905263,5905.05085910719,16663.012526826296,650.2889747160864,0.0,8676.012079876637,8603.150814514387,8850.85459158726,4831.835926244677,5236.817466312835,3796.387724281177,13618.903221246039,3169.290899922935,6849.50844011651,2034.2005687418834,10756.313987395972,6069.1983706339715,5648.745308895154,10047.614382641284,3498.3120183573938,2937.80103992947,12740.882977049358,1116.347938775933,409.4723077962902,6864.550757552168,7262.776584583808,6998.783769807511,2621.29253139958,3553.8189406188158,9478.619373746691,2108.894481675299,2659.0052395217267,13753.456740476498,2628.5826694292314,14395.143457744425,14640.40297815054,4555.164953603345,3537.2059819602305,3635.532970187661,4060.9669170454677,3398.4527630046737,9021.245432458567,6390.652964943229,5829.619646910966,2147.5480293979035,5549.635409643321,12459.045240895503,11369.871683260091,9651.678541142584,7190.3416752006815,4501.2081847628015,4071.2027542497026,4312.253928298489,4363.351750672088,5243.512076809659,966.1213606066741,1132.1002825536743,7705.442426274923,2992.7089085810762,3838.9830006113325,2744.984408775089,2954.4929650676954,2849.6637484257944,1347.1445578790194,9653.423795732511,5767.455438496611,7690.220585078803,12264.865425293865,4829.036743209343,6547.63798889714,6358.482928735862,8053.980378463281,1665.8963558457124,14923.25457231885,3990.2350067752136,6510.4242832459095
6546.598192343555,6772.730538856602,15790.530165044252,7054.014037606862,14221.776094728217,14594.108347516365,10154.384897990916,10462.504163738651,9011.65104413688,8484.548241068529,17194.063428044734,9869.979359896002,7669.373448072658,4972.765472613257,4217.490167678632,6711.820213874945,7165.0986244179385,11429.247304208473,11290.215548878557,6218.843455332364,5912.757834554849,6260.720576095039,7303.6352625504405,12754.099075621682,12144.255015172923,9048.326601463321,8525.483152173843,0.0,4084.393302861016,4494.138535232443,5249.727471163257,4828.4623344242755,11802.067579898896,19884.53465753636,7050.7395380689995,12866.073256019226,8876.418755131503,6237.556475742596,3793.1180429993337,4111.523117567247,16313.245818931591,5290.672215925022,5750.8150676555215,8384.166920694532,8936.558761127442,8468.581351106195,3253.5566884563145,2941.088335813299,3325.9284410863534,10626.972387017304,11559.498796236534,1758.6749189545,7335.876544731028,6865.859771138576,9234.699228823125,9989.322270378752,9888.269563360034,10133.529083766149,12560.84480922106,7461.101875477358,6901.934005798374,6726.647293758262,6781.038417962944,6497.185234071638,13633.777903880913,13585.244806138498,10151.65827681066,11566.200225546037,7952.17134651111,6851.114171606718,5132.921029489212,14069.007723299275,10086.436090519277,5337.510788455094,5572.725244613789,6293.340457202826,10746.322036865598,9262.811466886851,8755.38141774604,1455.8780234973417,6042.332468391583,5892.268853016139,7010.225063218215,6878.556110930713,7152.963027506436,7328.867521997617,15669.988611635226,13773.135294114327,3513.4200016637405,18530.496861584183,12834.71659882706,4469.6012934756345,4164.314763502427,16059.660234080999,8278.22629877653,10404.497060665477,7963.7234909661565,5135.874089917506
6533.578887405641,6050.387000971021,15181.161336542727,2969.6207347458444,13461.741782176983,13834.074034965131,9394.350585439683,9702.469851187418,10292.596863078132,9765.49406000978,16434.029115493497,5833.309547492302,6909.339135521424,2738.8134779843936,2236.76480269219,7992.766032816197,8174.3516746756595,12176.48424183572,12037.452486505805,5458.8091427811305,5152.7235220036155,5500.686263543806,3266.9654501467407,11994.064763070448,8059.861712311904,9278.69575618489,8751.347185040004,4084.393302861016,0.0,457.46872282874153,4310.134272360004,3871.874448105759,11192.69875139737,19124.50034498512,8331.685357010252,12106.038943467993,8116.384442580267,2153.1631728815805,2579.4686048873327,3208.838661390737,15553.211506380358,6571.618034866275,7031.760886596774,4347.497108290832,8449.134558120506,8497.728231846953,1785.1719924834515,1932.564648956591,1650.938980228108,10017.603558515779,10950.12996773501,5820.541156090699,6613.533006845447,6127.344592051482,5150.305925962106,9229.28795782752,5803.87626049902,6049.1357809051315,11951.475980719535,6701.067562926124,6141.89969324714,5966.6129812070285,6021.00410541171,3785.12751594573,12873.74359132968,12825.210493587265,10898.895214437907,10806.165912994804,3867.7780436500952,2766.7208687457032,1048.5277266281962,13308.973410748042,9326.401777968043,4577.476475903861,4759.389135029199,5533.306144651592,12027.26785580685,9717.468545646678,9883.447467593678,2628.5152793636744,6938.762596976203,6850.251750411919,6250.190750666981,6118.521798379479,6392.928714955203,7358.014402738375,14909.954299083993,13163.766465612802,930.6732055600571,17770.462549032945,12163.994067936144,2561.0539255214526,2447.566216967731,15450.291405579474,7518.191986225297,6320.103757804458,9244.669309907407,3227.3267219633244
6735.199903619563,6252.008017184943,15382.782352756647,2938.2600201213286,13663.362798390905,14035.695051179053,9595.971601653604,9904.090867401339,10703.397018123984,10176.294215055632,16635.65013170742,5375.84082466356,7110.960151735346,2905.521906039491,2403.4732307472873,8403.566187862049,8375.972690889583,12378.105258049642,12239.073502719726,5660.430158995052,5354.344538217537,5702.307279757727,2809.4967273179986,12195.68577928437,8028.500997687388,9480.316772398812,8952.968201253925,4495.193457906869,457.46872282874153,0.0,4476.842700415101,4038.582876160856,11394.31976761129,19326.121361199046,8742.485512056104,12307.659959681914,8318.00545879419,2114.44492018892,2781.089621101255,3410.459677604659,15754.832522594279,6982.418189912129,7442.561041642628,3890.0283854620907,8650.755574334426,8699.349248060875,2170.065675946886,2343.3648040024455,2035.8326636915428,10219.224574729698,11151.750983948928,6231.341311136553,6815.154023059369,6328.965608265404,5118.94521133759,9430.908974041442,5730.936279125348,5976.195799531461,12153.096996933455,6902.6885791400455,6343.520709461061,6168.23399742095,6222.625121625631,3951.835944000827,13075.3646075436,13026.831509801186,11100.516230651829,11007.786929208725,3794.838062276423,2591.440375388095,1017.1670120036798,13510.594426961963,9528.022794181965,4779.097492117782,4961.010151243121,5734.9271608655135,12438.0680108527,9919.0895618606,10085.0684838076,3039.3154344095283,7140.383613190124,7051.872766625841,6451.811766880903,6320.1428145934005,6594.549731169124,7559.635418952297,15111.575315297914,13365.387481826721,1341.4733606059121,17972.08356524687,12365.615084150066,2727.7623535765497,2649.1872331816535,15651.912421793393,7719.8130024392185,6288.743043179942,9655.46946495326,3394.0351500184215
2975.2466289187437,2691.0587221744713,11493.93326395946,7250.687619194855,9358.825356021249,9731.157608809393,5291.434159283945,5599.553425031679,7262.524300667929,6735.421497599576,12331.112689337762,9696.980529684753,3222.11106293815,2579.7415702931635,2065.1447823004446,4648.1247980786,4530.934655415922,8533.06722257599,8394.03546724607,1496.7934895643666,1453.3201831954875,1801.2829247356776,7130.636432339193,7891.148336914715,12340.928596760914,5635.278736925155,5107.930165780273,5261.511752690903,4281.066884449008,4528.770661521883,0.0,448.4295854113272,7505.470678814098,15021.583918829378,5552.53011778736,8003.122517312256,4429.156369996992,6434.230057330589,1826.781101261607,1321.409380289318,11450.295080224623,4553.0597375416655,4252.605647373882,8211.168090483283,4761.906485537227,4854.311212587222,2663.61115730509,3061.8369843367304,2797.8441695604333,6330.375485932502,7262.901895151736,7020.186671645403,2970.115987585713,2440.116519468207,9431.372810411116,5542.059885244245,10073.059527679054,10318.319048085168,8264.247908136267,2816.4859051267285,2237.3457933236714,1863.4379248806488,2321.6007666035816,4189.40950621389,8770.82716517395,8722.29406743153,7255.478195178176,6703.249486839066,8136.961310830129,7047.787753194711,5329.594611077205,9206.056984592313,5223.485351812304,890.2484033205859,663.9743071713476,1268.7452251659915,9248.11261658396,6074.051526386945,6240.030448333946,3805.633729193562,3421.322072717651,3840.333165311491,2562.9626780837048,2431.293725796204,2693.525376147075,3714.5973834786423,10807.037872928255,9476.538393029534,3447.803315706438,13667.546122877204,8367.683207691302,1740.8556594711818,2031.1470001300247,11763.063332996206,3830.9639136420183,10601.170642253468,6465.514070684517,1678.5883570012336
3188.6753073227064,2904.487400578434,11707.361942363425,6820.652482307979,9797.085180275491,10169.41743306364,5729.693983538189,6037.813249285923,7475.9529790718925,6948.850176003539,12769.372513592005,9266.945392797874,3435.5397413421138,2363.411023649803,1635.109645413568,4861.553476482563,4744.363333819885,8746.495900979953,8607.464145650034,1935.0533138186115,1678.924127824303,2026.8868693644931,6700.601295452315,8329.408161168962,11910.893459874038,5848.707415329118,5321.358844184236,4960.066176117042,3851.0317475621328,4098.735524635007,438.2598242542449,0.0,7718.899357218063,15459.843743083618,5765.958796191322,8441.382341566501,4642.585048400956,6004.194920443713,1378.3515158502798,872.9797948779908,11888.554904478866,4766.488415945627,4466.034325777844,7781.132953596405,4975.335163941192,5067.739890991185,2362.1655807312286,2760.3914077628688,2477.4621447230147,6543.804164336467,7476.330573555701,6718.741095071543,3183.5446659896757,2653.54519787217,9001.33767352424,5755.4885636482095,9643.024390792178,9888.283911198292,8477.676586540232,3227.2681687468116,2668.1002990678257,2301.6977491348935,2547.2047112323967,4090.675173035969,9209.086989428193,9160.553891685779,7468.906873582139,7141.50931109331,7706.926173943253,6617.7526163078355,4899.55947419033,9644.316808846555,5661.745176066548,1103.6770817245485,1035.7479598509694,1707.0050494202364,9461.541294987921,6287.480204790908,6453.459126737909,3504.1881526197008,3634.7507511216136,3907.5587616259404,2776.3913564876684,2644.7224042001676,2919.129320775891,3928.026061882605,11245.297697182501,9689.967071433499,2999.373730295111,14105.805947131445,8690.19467375683,1310.820522584305,1582.7174147186972,11976.49201140017,4044.392592045982,10171.135505366592,6678.942749088479,1579.854023823312
5446.197578737226,5717.979552616114,3988.462585145357,13942.825756657261,4769.482577741204,5310.644454793418,3037.1139542740493,2877.6914651370294,5667.117978969952,5170.5011944411135,7132.044267473253,16596.74962364785,4420.52724538985,9731.69356170975,9192.04317689831,5743.524286701877,5169.610588422853,2545.874562459161,3198.811411642456,6236.284521043705,6120.903102479232,5703.715067761408,14030.405526302291,2108.663134826014,19033.06673422332,3480.8087570766197,3796.6864274779905,11832.505560335016,10973.205021911415,11220.908798984288,7151.951991416588,7556.933531484746,0.0,9822.515496964867,6885.561615884591,3830.069564792532,3424.6378493855386,13126.368194793,8439.252578031,7968.861374067065,6251.2266583601095,6750.513458763821,6292.149551854506,15110.937184446386,2991.489485256491,3736.701070910442,9234.604964949194,9632.830791980834,9368.837977204537,1175.0951928815966,1607.7567581094436,12640.869609746145,4761.4949083878,5210.403918445857,16123.510947873527,2536.3710115139793,16765.197665141455,17010.45718554757,758.7772293221676,5576.973993440188,5794.836274972996,6220.270221830802,5557.7560677900055,11341.361497630476,2594.2652406620537,2033.2319226297911,3450.6166853336044,2940.1571515456176,14829.09944829253,13739.92589065712,12021.732748539613,3393.953950919507,4729.820757882801,6391.318819421614,6632.3699934704,6683.336777257514,8143.294602436498,4204.22199090113,4709.2881748941045,10376.627536837672,5892.273022536132,6518.835210239553,4904.287713560424,5113.796269853031,5008.967053211127,4509.394793878471,6142.858465574482,1971.0677142154345,10060.27479247583,8468.477701012693,1032.6490189281662,8867.754054069048,8678.598993907774,4257.592654182104,3674.805468368889,17293.308779715877,7589.491664300376,8830.54034841782
14861.418273939958,14882.38562449736,11616.075626605989,22017.435578265937,5662.758562808132,5627.648912499596,10018.534214345817,9564.52407262582,15489.633475934821,14993.016691405981,2690.471229491614,24671.359445256505,12924.781638031322,17439.977204072104,17075.294097326867,15566.039783666733,14992.1260853877,12025.454385525978,12678.391234709274,13856.563988418817,14014.194729952807,14100.372774319743,22105.015347910954,8337.196703594867,27107.676555831993,13303.32425404148,13619.201924442847,19907.115381943677,19047.814843520093,19295.518620592968,15010.149315026418,15458.578900437744,9822.515496964863,0.0,16708.077112849445,7034.752208030959,12132.575821812881,21200.978016401674,16513.86239963968,16043.471195675746,3571.288838604757,16416.368218493113,15958.004311583796,23185.54700605504,12814.00498222135,13559.216567875295,17309.21478655787,17707.44061358952,17443.447798813213,10997.610689846455,11430.27225507431,21665.79030089817,14176.715603590532,14304.531644226106,24198.1207694822,11318.559682669214,24839.80748675014,25085.067007156245,9562.811589902709,12427.135733204801,13163.608329666078,13173.318073576787,13114.502725027694,19049.645139992826,7228.250256302814,7789.283574335076,13046.922066209636,8318.334431990315,22903.709269901217,21814.535712265802,20096.34257014829,6428.561546045361,11505.204106855914,14595.173064576906,14706.979815079081,14348.876253032075,17965.81009940137,14026.737487865992,14531.803671858966,18451.23735844634,15307.493717738867,15934.055905442281,13865.114242781814,13856.80657529621,13244.087092477099,14331.91029084332,4551.768648380731,10515.676341480521,18134.884614084513,1354.037795952174,8789.866478036698,16751.004974497606,16753.20881551645,10016.278413415177,13414.157466536733,25367.91860132455,17412.007161265243,16538.82399078017
2635.4737690216834,3349.843021188168,10874.927930638807,11301.306091756098,11194.77778787369,11567.110040661839,6980.777952513927,7435.505856884124,1992.625352793892,1942.87642635003,14018.509612966693,13374.715705575038,4426.53052038763,7932.144525218458,7335.3002602284405,1409.4742501611772,1862.752660704171,5351.772702307704,5212.740946977782,4663.720242167862,4448.843530662227,4131.150788885565,11550.92731669968,8995.12848031946,16391.54706932216,3693.33678201808,3170.493332728602,7050.739538068999,8331.685357010252,8741.430589381678,5352.402954925295,5757.384494993451,6886.465345493445,16708.98084245831,0.0,9839.0749491647,4724.345540665873,10484.848529891837,6360.205694777977,6062.239267169773,13137.692003853554,1860.4354488414012,1299.924470413478,12189.283405427943,4097.154406578367,3298.6212833223494,7102.152834401376,6970.784473561667,7231.83795260964,5711.370152611848,5670.387506503179,7853.346831939056,3311.7277031596186,3398.328646580462,13481.991282972363,5638.014140496951,13153.060706316637,13398.320226722752,7645.242574815614,5187.9327749851855,4881.096711527346,5091.727407650277,4755.219633727135,9541.812461139185,9480.730586155496,8919.697268123235,4074.1836749098875,8539.201918691511,11216.962489467714,11098.406225755956,9380.21308363845,10280.419296412949,7390.325541655203,4591.76978293032,4832.820956979106,5011.277205440509,3695.5824987965975,3554.6851150420493,3003.2818603809483,6080.1698844672865,2131.208045069708,2768.9962798154784,3760.490631708493,3956.9454085987627,4198.739985049444,2814.18336131142,12642.9903047807,8857.533059708881,7760.712055812976,15354.943046506134,7919.114364421611,7011.011137399178,6701.879735100592,11144.057999675553,3666.6505304587945,14651.789114814716,912.9839528971567,7030.9913119265275
7848.766928932254,7869.734279489659,6797.586827710214,15004.784233258226,1371.9936452228262,1728.0350914971382,3013.5729580288835,2551.872727618109,9384.222254108297,8887.605469579457,4344.280978539344,17658.708100248816,5912.130293023613,10427.325859064385,10062.642752319152,8794.247829324264,8156.788741018998,6110.944543495548,6763.881392678844,6843.912643411102,7001.543384945094,7087.721429312033,15092.364002903256,2041.1961403365494,20095.025210824286,6631.059249324925,6854.190581361298,12894.46403693598,12035.16349851238,12282.867275585253,7997.497970018708,8445.927555430033,3830.0695647925327,7034.752208030957,9943.065769767896,0.0,5119.924476805172,14188.326671393965,9501.211054631965,9030.819850668033,3463.4633694262006,9403.716873485408,8945.35296657609,16172.89566104735,5863.172850415581,6744.803077091483,10296.563441550159,10694.789268581799,10430.796453805502,4684.504618615947,5437.826322901972,14653.138955890481,7164.064258582828,7291.880299218403,17185.469424474493,4313.598426352282,17827.156141742416,18072.415662148524,3719.810919013304,5414.484388197089,6150.956984658365,6160.6667285690755,6101.851380019985,12036.993794985112,1589.2707718591028,2134.5824801940153,7132.412224179212,1413.8595741584918,15891.057924893496,14801.884367258084,13083.691225140577,1439.605749869936,4492.552761848202,7582.521719569197,7694.328470071367,7336.224908024362,11860.398877574846,7357.744829824076,7905.128124942832,11438.586013438638,8294.84237273116,8921.404560434577,6852.462897774109,6844.155230288504,6231.435747469391,7471.906724915007,2803.9153556160036,4780.191956780292,11122.233269076794,5680.714412078783,3038.4224145971652,9738.35362948989,9740.55747050874,5169.74542788217,6401.506121529027,18355.26725631684,10764.009876620179,9526.172645772456
2770.777637369908,3042.5596112487974,7413.055407929524,11175.977294080374,6470.432247207819,6842.764499995965,2403.0410504705164,2711.1603162182505,4801.399779555817,4219.214509683112,9442.719580524334,13829.90116107097,1272.8534721781953,6964.845099132863,6425.194714321425,3702.0086138540946,3064.54952554883,4554.747446910651,5234.601142334634,3084.3050652975926,3186.34111808523,2936.8666051845184,11263.557063725404,4902.733665496075,16266.218271646434,2255.665147210878,1948.4958408688356,9065.657097758121,8206.356559334527,8454.060336407401,4385.1035288397,4790.085068907857,3424.592822784167,12133.190810015947,4861.515358948556,5114.729408498827,0.0,10359.519732216111,5672.404115454113,5202.012911490177,8561.901971411195,4325.727581923065,3867.3636750137484,12344.088721869499,921.0958620688016,1694.876887675785,6467.756502372309,6865.982329403949,6601.989514627652,2249.49762990257,3182.024039121805,10061.792843430454,2086.0749670204823,2534.9839770785393,13356.662485296636,1315.647532324435,13998.349202564566,14243.60872297068,4183.370052106336,2255.8937407958388,2533.5990590032707,2959.3842984510425,2298.9472524711173,8574.513035053591,5685.9811494478445,5124.947831415582,4096.043870266739,3814.8563780256372,12062.250985715644,10973.07742808023,9254.884285962724,6317.663875778885,2748.5919008274586,3624.470356844725,3865.521530893512,3746.451694868564,7192.007917678497,2914.6172014755102,3080.5961234225097,7609.779074260779,3216.853081168815,3843.4152688722334,2228.8677721931062,2310.5815528248527,1998.2912259808863,2393.917433352661,7918.644764114831,5395.660536999602,7293.4263298989445,10779.153014063773,4250.35364243306,6100.905591492162,5911.750531330885,7682.185476966272,1297.506359623601,14526.460317138988,5774.499311845713,6063.691885840933
9164.670966549014,8681.479080114397,17812.253415686086,1629.6857695228584,16092.83386132036,16465.166114108506,12025.442664583059,12333.561930330794,12799.991589316569,12272.888786248217,19065.12119463688,4456.280881335279,9540.431214664803,5334.992968968942,4832.944293676738,10624.085979703545,10805.443753819027,14807.576320979093,14668.544565649177,8089.901221924505,7783.81560114699,8131.77834268718,2779.9104518550116,14625.156842213824,6753.075082543254,11909.787835328263,11382.439264183377,6715.713249748368,2631.319946887352,2550.151773790235,6906.313763344551,6468.053939090306,13823.790830540733,21755.592424128503,10963.0053038976,14737.13102261137,10747.476521723647,0.0,5210.560684030706,5839.930740534111,18184.303585523736,9202.937981753626,9663.080833484124,3513.5215675370478,11080.226637263868,11128.820310990326,4416.491939370804,4563.884595843944,4282.258927115461,12648.69563765914,13581.22204687837,8451.86110297805,9244.62508598882,8758.436671194853,3843.519296193457,11860.380036970897,4234.625882076883,4479.885402482996,14582.568059862897,9332.1596420695,8772.991772390515,8597.705060350407,8652.096184555085,6381.307006930278,15504.835670473056,15456.302572730641,13529.98729358128,13437.25799213818,2298.527665227959,1946.6707488532736,1553.763941851381,15940.065489891418,11957.49385711142,7208.568555047235,7390.481214172571,8164.398223794967,14658.587802694195,12348.56062479005,12514.53954673705,5259.835226251027,9569.854676119576,9481.343829555295,8881.282829810354,8749.613877522854,9024.02079409858,9989.106481881749,17541.046378227376,15794.858544756164,3561.99315244741,20401.554628176327,14795.08614707952,5157.233416506001,5078.658296111104,18081.383484722835,10149.284065368665,5013.317128035808,11875.989256794755,5823.506212947873
3954.110282518311,3470.9183960836895,12601.692731655401,5527.080678924515,10882.273177289651,11254.605430077801,6814.881980552351,7123.001246300085,8241.387954267497,7714.285151199142,13854.560510606165,8181.004545915102,4329.870530634096,1826.1236936387465,1004.6172456309399,5626.988451678167,5594.883069788328,9597.015636948394,9457.983881618478,2879.340537893799,2573.2549171162837,2921.2176586564738,5614.6604485695425,9414.596158183118,10617.321656490574,6699.227151297558,6171.878580152676,3793.1180429993333,2557.4599441786695,2805.1637212515434,1830.2904793514497,1409.025342612467,8613.230146510045,16545.03174009778,6490.502037158581,9526.570338580663,5536.915837692939,4710.62311706025,0.0,629.370056503404,12973.742901493026,5355.972349207627,5190.577566745103,6695.192106713633,5869.665953233174,5918.259626959625,1011.8028916770323,1410.0287187086728,1122.6181291709895,7438.134953628449,8370.661362847683,5551.792961953833,4034.0644019581173,3547.875987164151,7707.765870140776,6649.819352940192,8349.452587408714,8594.712107814825,9372.007375832209,4121.598958038792,3562.4310883598064,3387.1443763196958,3441.5355005243773,3625.240097599199,10294.27498644235,10245.741888699935,8319.42660955058,8226.697308107472,6413.3543705597895,5324.180812924372,3605.9876708068655,10729.504805860712,6746.93317308071,1998.0078710165294,2179.9205301418683,2953.8375397642603,10186.084535955179,7137.999940759349,7303.97886270635,2337.2400195019914,4359.293992088873,4270.78314552459,3670.72214577965,3539.053193492149,3813.460110067871,4778.545797851045,12330.485694196663,10584.297860725475,1644.529714743085,15190.993944145604,9584.525463048814,680.3281228016773,371.1967205030934,12870.822800692147,4938.723381337964,8877.563701983128,7403.485990055738,1430.6900314177753
3631.227615040108,3148.0357286054864,12219.7437040431,6257.953196519614,10500.324149677352,10872.656402465498,6432.932952940049,6741.052218687783,7918.505286789293,7391.402483720939,13472.611482993865,8911.8770635102,3947.9215030217924,2216.0824742414725,1487.7810960052384,5304.105784199964,5256.745095499562,9258.87766265963,9119.84590732971,2497.391510281497,2191.3058895039817,2539.268631044172,6345.532966164639,9032.647130570818,11348.194174085673,6361.089177008795,5833.740605863913,4520.091656387131,3288.3324617737685,3536.0362388466424,1212.941894750085,791.6767580111025,8231.281118897743,16163.082712485479,6167.619369680378,9144.62131096836,5154.966810080636,5441.495634655348,754.3800178933532,0.0,12591.793873880726,5033.089681729423,4867.6948992669,7426.064624308729,5487.716925620872,5580.121652670862,1738.7765050648297,2137.00233209647,1853.4906467660887,7056.185926016146,7988.712335235381,6278.76657534163,3695.926427669354,3165.926959551848,8438.638387735875,6267.870325327889,9080.32510500381,9325.584625409925,8990.058348219907,3739.6499304264903,3180.4820607475044,3005.195348707394,3059.5864729120754,4015.198878201925,9912.32595883005,9863.792861087635,7981.288635261816,7844.748280495171,7144.226888154888,6055.05333051947,4336.8601884019645,10347.555778248412,6364.984145468408,1616.0588434042272,1562.571945540504,2467.664693285225,9863.20186847698,6799.861966470585,6965.840888417586,3064.213632889789,4036.4113246106704,3947.900478046387,3288.773118167347,3157.1041658798463,3431.5110824555695,4440.407823562282,11948.53666658436,10202.348833113174,2375.4022323381837,14809.044916533305,9202.576435436511,1163.4919731759755,958.7459167617708,12488.873773079846,4556.774353725662,9608.436219578227,7080.603322577535,1703.7778789990568
11290.1294353352,11311.0967858926,8044.78678800123,18446.146739661177,2091.4697242033744,2331.175873694033,6447.245375741057,5993.235234021059,11918.344637330061,11421.727852801221,880.8176091131434,21100.070606651752,9353.492799426565,13868.688365467338,13504.005258722107,11994.750945061982,11420.83724678295,8454.16554692122,9107.102396104516,10285.275149814059,10442.90589134805,10529.083935714985,18533.7265093062,4765.907864990107,23536.387717227233,9732.035415436729,10047.913085838096,16335.826543338935,15476.526004915335,15724.229781988208,11438.86047642166,11887.290061832986,6251.226658360108,3571.2888386047566,13136.788274244691,3463.4633694262,8561.286983208123,17629.689177796914,12942.57356103492,12472.182357070988,0.0,12845.079379888355,12386.715472979038,19614.258167450287,9242.716143616599,9987.927729270545,13737.925947953114,14136.151774984754,13872.158960208457,7426.321851241704,7858.983416469548,18094.50146229343,10605.426764985774,10733.242805621347,20626.83193087744,7747.270844064455,21268.518648145375,21513.778168551482,5991.522751297955,8855.846894600043,9592.31949106132,9602.02923497203,9543.213886422935,15478.356301388065,3656.9614176980554,4217.994735730318,9475.633227604882,4747.045593385555,19332.420431296454,18243.246873661043,16525.05373154353,2857.272707440602,7933.915268251152,11023.884225972148,11135.690976474323,10777.587414427317,14394.52126079661,10455.448649261232,10960.514833254207,14879.948519841593,11736.20487913411,12362.767066837523,10293.825404177054,10285.51773669145,9672.79825387234,10760.62145223857,1255.2956095751683,6944.387502875764,14563.59577547975,2217.2510426525837,5218.577639431942,13179.716135892844,13181.919976911695,6444.989574810417,9842.868627931975,21796.62976271979,13840.718322660481,12967.53515217541
1636.0033887759892,2261.414780351959,10702.781307931995,9541.238769612119,10628.787910422354,11001.120163210502,6500.75225779742,6869.515979432787,3821.34695490928,3294.2441518409273,13601.075243738867,12357.204091901265,3669.9289140081532,6875.534711060117,6054.028263052311,1521.5161246473451,1974.7945351903388,6238.943214980877,6099.911459650957,3726.758570967696,3449.373150416534,3211.119538319728,9790.8599945557,8745.074578952082,14631.479747178182,3858.0225122357206,3335.179062946242,5290.672215925021,6571.618034866275,6981.363267237702,4352.932574679601,4757.914114747758,6714.318722786635,16291.54647323048,1860.435448841402,9273.085071713364,4192.990678089653,8724.781207747857,5078.933697601848,4780.967269993643,12720.257634625728,0.0,560.5109784279232,10871.391652699795,3848.8099040151747,3380.8324939939293,5342.0855122573985,5210.71715141769,5471.770630465662,5539.223529905038,6471.749939124273,6093.279509795078,2459.464288139291,2486.9995641957057,11721.923960828384,5157.988445780443,12375.494295365292,12620.753815771406,7473.095952108803,4290.7957030987345,3983.9596396408915,4158.400328331295,3858.0825618406825,8542.342080893492,9308.583963448686,8747.550645416424,4961.354187583062,7973.212041240175,10439.396078516369,9338.338903611977,7620.145761494471,10108.272673706138,6644.615980461597,3592.2994026846263,3833.3505767334136,4011.806825194817,5556.017947637999,4072.507377659252,3565.077328518441,4320.102562323309,1131.7376648240138,1008.928957671501,2863.35355982204,3045.616326214006,3301.602913162991,2241.118664885349,12077.000427329363,8685.38643700207,6000.644733668999,14937.508677278307,7746.9677417148005,5729.739140223048,5420.6077379244625,10971.911376968741,3246.498512010086,12891.721792670736,2773.4194017385585,6031.520931680834
1335.5492986082054,2049.9185507746897,10244.41740102268,10001.381621342618,10170.424003513039,10542.756256301187,6042.388350888103,6411.152072523471,3260.8359764813563,2733.7331734130034,13142.711336829552,12817.346943631766,3220.2742956691777,6632.220054804981,6035.375789814962,961.0051462194225,1414.2835567624163,5678.432236552954,5539.400481223034,3363.795771754385,3148.91906024875,2831.2263184720878,10251.002846286201,8286.710672042764,15091.622598908682,3297.5115338077976,2774.6680845183196,5750.815067655521,7031.760886596774,7441.506118968201,4052.478484511818,4457.460024579974,6255.9548158773205,15833.182566321166,1299.9244704134783,8814.721164804048,3734.626771180337,9184.924059478357,5060.281224364499,4762.3147967562945,12261.893727716413,560.5109784279232,0.0,11331.534504430296,3390.445997105859,2902.796035112067,5802.228363987898,5670.860003148189,5931.913482196162,5080.859622995724,5997.04704074843,6553.422361525578,2043.0855740634363,2098.404176166985,12182.066812558884,4699.624538871126,12835.637147095791,13080.896667501906,7014.732045199489,3888.008304571709,3581.172241113866,3791.8029372368014,3455.295163313657,8241.887990725709,8850.220056539372,8289.186738507111,4400.843209155139,7514.848134330859,10899.538930246868,9798.481755342476,8080.2886132249705,9649.908766796825,6186.252073552283,3291.8453125168426,3532.89648656563,3711.3527350270333,4995.506969210075,3511.996399231329,3004.5663500905184,4780.245414053808,831.2835746562299,1469.071809402,2460.566161295015,2657.0209381852856,2898.815514635966,1782.754757976033,11618.636520420048,8227.022530092756,6460.787585399498,14479.144770368992,7288.603834805486,5711.0866669857,5401.955264687114,10513.547470059426,2788.1346051007704,13351.864644401236,2212.9084233106346,5731.066841513051
10603.490917321416,10120.299030886792,19251.073366458473,4711.788287686687,17531.653812092754,17903.986064880904,13464.262615355456,13772.38188110319,14198.854780609872,13671.75197754152,20503.941145409277,1485.81243920147,10979.251165437197,6648.071983475045,6146.023308182841,12271.857201563895,12244.263704591427,16246.396271751493,16107.364516421578,9528.7211726969,9222.635551919386,9570.598293459576,1315.5937925469602,16063.976792986221,8105.053492843656,13348.607786100663,12821.259214955777,8363.48447160872,4347.497108290832,3890.0283854620916,8219.392777850653,7781.132953596409,15262.610781313128,23194.4123749009,12610.77652575795,16175.950973383766,12186.296472496042,3082.1025181638283,6649.380634803102,7278.750691306506,19623.123536296134,10850.709203613977,11310.852055344474,0.0,12519.046588036263,12567.640261762726,6038.356689648732,6211.655817704295,5904.123677393389,14087.515588431535,15020.041997650766,10099.632324838401,10683.44503676122,10197.25662196725,6925.621814357285,13299.199987743292,3212.926931682824,2238.067460157204,16021.388010635292,10770.979592841897,10211.811723162911,10036.525011122803,10090.916135327481,7694.386021436381,16943.655621245452,16895.12252350304,14968.80724435368,14876.077942910577,1395.409773761219,2265.3435309798806,3730.730238434395,17378.88544066382,13396.313807883816,8647.388505819632,8816.88091344738,9488.138003016651,16306.359024554547,13787.38057556245,13953.359497509451,6907.606448111377,11008.674626891972,10920.163780327694,10320.102780582749,10188.433828295249,10462.840744870977,11427.926432654149,18979.866328999775,17233.678495528555,5209.764374307759,21840.374578948726,16233.906097851916,6470.312431012104,6517.4782468835,19520.203435495216,11588.10401614106,7677.308389124565,13523.760478655106,7136.585227453976
2702.3346822635426,2974.116656142432,6980.022715100729,11198.962860183583,7214.049968713921,7586.382221502066,2980.185171334627,3454.778037724352,3947.555192544028,3365.369922671323,10123.60439742862,13852.886727174178,1678.8765967461648,6987.830665236071,6448.180280424632,2931.0749789086813,2293.6158906034166,4121.714754081858,4380.756555322842,3492.4216245700236,3377.0402060055517,2959.8521712877264,11286.542629828613,5100.223264781385,16289.203837749643,1473.3391116209518,1113.7770149293979,8962.267618056654,8229.342125437735,8477.04590251061,4408.089094942908,4813.070635011064,2991.5601299553728,12814.075626920234,4090.5817240031433,5858.347130004929,921.0958620688018,10382.50529831932,5695.389681557321,5224.998477593385,9242.786788315481,3874.5187609443865,3416.15485403507,12367.074287972708,0.0,881.6302266759023,6490.742068475517,6888.967895507156,6624.97508073086,1816.4649370737761,2748.991346293011,9764.874911926709,2017.632011914117,2466.541021972174,13379.648051399845,1637.4213593176494,14021.334768667775,14266.59428907389,3750.337359277541,2882.9108884542766,3050.9733784993127,3476.407325357119,2813.8931713163256,8597.498601156798,5585.8253706174255,5024.792052585163,3242.1992832549486,4558.474099531739,12085.236551818853,10996.06299418344,9277.869852065933,6385.514080874878,3510.0468746512197,3647.455922947933,3888.50709699672,3939.473880783835,6338.1633306667045,2060.7726144637204,2226.7515364107203,7632.764640363987,3148.4101260624498,3774.972313765868,2160.4248170867413,2369.933373379348,2265.1041567374464,1633.4000960590365,8662.26248562093,4962.627844170807,7316.411896002152,11460.03783096806,4024.20914888354,6123.891157595369,5934.736097434093,7249.152784137476,930.9425718952078,14549.445883242197,4987.783482716148,6086.677451944141
2356.8730613127173,2628.6550351916057,7691.535660659966,11163.299241463941,8051.6142254570705,8423.946478245218,3817.749428077777,4292.342294467501,3329.8515682179936,2747.666298345288,10835.117342987856,13817.223108454536,2127.771444388038,7002.10518874155,6462.454803930111,2155.3815213339685,1597.888044627109,3902.0846863267293,3763.052930996808,3514.924527312836,3391.4457680975156,2982.3550740305386,11250.879011108971,5811.736210340623,16253.540219030001,1004.2962006758959,476.9476295310119,8266.539772080345,8193.678506718094,8441.382283790968,4422.363618448387,4827.345158516543,3703.0730755146105,13525.58857247947,3297.418850516682,6695.911386748078,1758.6601188119519,10346.841679599678,5659.72606283768,5239.2730010988635,9954.299733874717,3178.790914968079,2720.427008058762,12331.410669253066,837.5642567431505,0.0,6455.078449755876,6853.304276787516,6589.311462011219,2527.977882633014,3460.504291852249,9069.147065950401,1699.4221738790088,2249.532931725436,13343.984432680203,2474.985616060799,13985.671149948133,14230.930670354248,4461.8503048367775,3127.7336741639397,3226.06066239137,3651.494609249177,2988.980455208383,8611.773124662277,6297.338316176662,5736.3049981444,2624.4956589289145,5396.038356274888,12049.57293309921,10960.399375463798,9242.20623334629,7097.027026434115,4347.611131394369,3661.730446453412,3902.781620502199,3953.8794428757988,5720.45970634067,1443.068990137686,1609.0479120846858,7295.970118478632,2583.2366007847854,3429.5106928150426,2335.5121009787986,2545.020657271405,2440.1914406295036,937.6722500827287,9499.82674236408,5674.140789730044,7280.7482772825115,12171.550776527296,4735.722094442776,6138.165681100848,5949.010620939571,7960.665729696714,1256.4240480494225,14513.782264522555,4118.362957368961,6100.95197544962
4772.378763068002,4289.186876633381,13419.96121220509,4754.792727229296,11700.54165783934,12072.873910627488,7633.15046110204,7941.269726849774,9059.656434817185,8532.553631748835,14672.828991155853,7550.4797597463075,5148.139011183785,1781.0700437822486,1025.7947388476232,6445.256932227858,6413.151550338021,10415.284117498082,10276.252362168167,3697.6090184434906,3391.523397665975,3739.4861392061653,4984.135662400748,10232.864638732804,9845.033704795354,7517.495631847249,6990.147060702367,3253.5566884563145,1785.171992483451,2174.638935082748,2648.5589599011414,2227.293823162158,9431.498627059733,17363.30022064747,7102.152834401376,10344.83881913035,6355.184318242628,3938.335165365031,1011.8028916770321,1510.3546063051285,13792.011382042714,5342.0855122573985,5802.228363987898,6064.667320544838,6687.934433782867,6736.528107509316,0.0,621.3100412186806,134.23301225534334,8256.40343417814,9188.929843397378,5012.231607410814,4852.332882507808,4366.144467713842,6935.477918445557,7468.087833489882,7589.04825298247,7834.307773388582,10190.275856381897,4939.867438588482,4380.699568909498,4205.412856869388,4259.803981074068,3580.186447742701,11112.543466992036,11064.010369249621,9137.69509010027,9044.96578865716,5652.950036133545,4551.892861229153,2833.6997191116466,11547.773286410398,7565.201653630399,2816.276351566221,2998.1890106915594,3772.106020313952,10797.735333197974,7956.268421309039,8122.24734325604,1797.6786649589726,5177.562472638563,5089.051626074281,4488.9906263293415,4357.32167404184,4631.728590617563,5596.814278400736,13148.75417474635,11402.566341275164,854.4987869233939,16009.262424695295,10402.793943598504,1277.9058646446238,1000.9279411240799,13689.091281241836,5756.991861887657,8105.275750287909,8015.136787298533,1944.1786610864958
5037.583406313745,4554.391519879126,13685.165855450832,4902.1853837024355,11965.746301085086,12338.078553873234,7898.355104347786,8206.47437009552,8896.068297363794,8368.965494295444,14938.0336344016,7718.150705991577,5413.343654429528,2031.6771367999595,1276.401831865334,6596.23746710186,6678.356193583764,10680.488760743827,10541.457005413911,3962.813661689235,3656.7280409117193,4004.6907824519094,5151.806608646017,10498.06928197855,9992.426361268494,7782.700275092992,7255.35170394811,3034.20620843843,1932.5646489565906,2342.3098813280176,2913.7636031468855,2492.4984664079025,9696.703270305476,17628.504863893217,6935.156791295914,10610.043462376096,6620.388961488371,4085.7278218381707,1277.0075349227766,1775.559249550873,14057.21602528846,5175.089469151937,5635.232320882436,6232.338266790107,6953.139077028611,7001.73275075506,380.59659176592345,0.0,384.84010527305395,8521.608077423884,9454.134486643117,4792.88112739293,5117.537525753552,4631.349110959585,7082.870574918697,7733.292476735624,7736.44090945561,7981.700429861723,10455.48049962764,5205.072081834229,4645.904212155245,4470.617500115133,4525.008624319815,3830.793540760412,11377.748110237782,11329.215012495368,9402.899733346014,9310.170431902907,5800.342692606685,4699.285517702293,2981.092375584786,11812.977929656145,7830.4062968761455,3081.480994811965,3263.3936539373035,4037.310663559696,10630.739290092513,8221.473064554784,8387.451986501785,1578.3281849410882,5442.767115884308,5354.256269320024,4754.195269575085,4622.526317287583,4896.933233863308,5862.01892164648,13413.958817992096,11667.770984520906,1066.918485240737,16274.467067941041,10667.998586844249,1528.5129576623342,1251.5350341417902,13954.295924487578,6022.196505133401,8252.668406761048,7848.140744193071,2194.785754104206
4906.611775323345,4423.419888888724,13554.194224460432,4620.559714973953,11834.774670094686,12207.106922882835,7767.383473357385,8075.502739105119,9193.88944707253,8666.786644004178,14807.0620034112,7416.246747490964,5282.3720234391285,1774.0583944516645,1018.7830895170391,6579.489944483201,6547.384562593364,10549.517129753425,10410.48537442351,3831.8420306988337,3525.756409921318,3873.7191514615083,4849.902650145404,10367.097650988151,9710.800692540011,7651.728644102592,7124.38007295771,3387.7897007116576,1650.938980228108,2040.405922827405,2782.7919721564845,2361.5268354175014,9565.731639315076,17497.533232902817,7236.385846656719,10479.071831385696,6489.417330497971,3804.102153109688,1125.8186797130977,1644.5876185604718,13926.24439429806,5476.3185245127415,5936.461376243241,5930.434308289494,6822.16744603821,6870.761119764659,134.23301225534334,755.5430534740237,0.0,8390.636446433484,9323.162855652718,5146.464619666157,4986.565894763151,4500.377479969185,6801.244906190214,7602.320845745225,7454.815240727127,7700.074761133239,10324.50886863724,5074.100450843827,4514.932581164843,4339.645869124731,4394.036993329413,3496.711386623646,11246.776479247383,11198.243381504968,9271.928102355612,9179.198800912507,5518.717023878202,4417.65984897381,2699.4667068563035,11682.006298665745,7699.434665885744,2950.509363821564,3132.4220229469024,3906.339032569295,10931.968345453317,8090.501433564382,8256.480355511383,1931.911677214316,5311.795484893906,5223.284638329624,4623.2236385846845,4491.554686297183,4765.961602872906,5731.047290656079,13282.987187001696,11536.799353530507,720.2657746680507,16143.495436950641,10537.026955853848,1270.8942153140397,993.9162917934958,13823.324293497179,5891.224874143,7971.042738032566,8149.369799553876,1937.1670117559117
4271.102385855627,4542.884359734517,5163.557778026954,12767.730563775665,5944.577770622801,6424.487953850529,2071.5655121605846,2275.6195122044496,4699.717635492345,4203.1008509635085,8307.13946035485,15421.65443076626,3245.432052508254,8556.598368828152,8016.947984016716,4568.429093820279,3994.515395541254,2757.1976379725766,3691.6465989126896,5061.189328162108,4945.8079095976345,4528.619874879811,12855.310333420695,3283.758327707611,17857.971541341725,2305.713564195022,2621.591234596393,10657.410367453416,9798.10982902982,10045.813606102693,5976.85679853499,6381.838338603148,1175.0951928815966,10997.610689846466,5710.466423002994,4696.4528623533915,2249.5426565039425,11951.273001911404,7264.157385149403,6793.766181185468,7426.321851241707,5575.418265882223,5117.054358972908,13935.84199156479,1816.3942923748953,2561.6058780288445,8059.509772067599,8457.735599099238,8193.742784322943,0.0,975.9113513930471,11465.774416864546,3586.3997155062016,4035.3087255642595,14948.415754991931,1361.2758186323827,15590.102472259858,15835.361992665972,1933.8724222037642,4401.878800558592,4619.7410820914,5045.1750289492065,4382.660874908411,10166.266304748879,3769.3604335436494,3208.327115511387,2875.2635606854333,3384.2761159870115,13654.004255410935,12564.830697775524,10846.637555658017,4569.049143801103,3673.5761946588805,5216.223626540016,5457.2748005888025,5508.241584375916,7175.894258958893,3032.399144694175,3579.782439812929,9201.532343956073,4717.177829654533,5343.7400173579545,3729.192520678826,3938.7010769714325,3833.8718603295315,3334.299600996874,7317.953658456079,3146.1629070970316,8885.179599594234,9643.572893894292,2207.7442118097633,7692.658861187453,7503.503801026175,5432.687847063701,2499.7102754872917,16118.213586834283,6531.410529855272,7655.445155536223
5247.013737248676,5518.795711127565,5619.425467671136,13743.641915168711,6400.445460266983,6941.607337319197,3047.476863553632,3251.530863597496,4195.749525651557,3699.1327411227207,8763.007149999028,16397.565782159305,4221.343403901301,9532.5097202212,8992.85933540976,5143.04123571022,4970.426746934302,1851.4724662175004,2785.921427157613,6037.100679555155,5921.7192609906815,5504.531226272858,13831.221684813741,3739.626017351793,18833.88289273477,3281.62491558807,3597.502585989441,11633.321718846466,10774.021180422866,11021.724957495739,6952.768149928038,7357.749689996194,1630.9628825257782,11453.478379490642,5563.796215243066,5461.032447318312,3225.454007896989,12927.18435330445,8240.068736542451,7769.677532578515,7882.189540885888,6551.329617275272,6053.588704899469,14911.753342957836,2792.305643767942,3537.5172294218924,9035.421123460643,9433.646950492282,9169.654135715986,975.9113513930471,0.0,12441.685768257596,4562.31106689925,5011.220076957307,15924.327106384977,2337.1871700254296,16566.013823652906,16811.27334405902,2389.740111847946,5377.790151951638,5595.652433484446,6021.086380342253,5358.572226301456,11142.177656141926,4225.228123187831,3664.194805155569,2371.295450844645,4360.18746738006,14629.915606803981,13540.74204916857,11822.548907051063,5024.916833445284,4649.487546051927,6192.134977933063,6433.186151981849,6484.152935768963,6671.926149118103,2732.8535375827337,3237.9197215757085,10177.443695349122,5693.089181047582,6319.651368751003,4705.103872071873,4914.61242836448,4809.783211722577,4310.210952389922,7773.82134810026,3602.0305967412132,9861.09095098728,10099.440583538468,2663.6119014539454,8668.570212580496,8479.415152419222,5888.555536707883,3475.6216268803396,17094.124938227327,6118.123210981985,8631.35650692927
7349.205486213613,7947.361969566654,16593.13745891431,8790.161890836542,15980.451013682718,16352.783266470866,11913.059816945417,12221.179082693152,9814.258338006939,9287.155534938587,18952.73834699924,11606.12721312569,9383.13101144578,6731.4403915677585,5976.165086633134,7514.427507745003,7967.705918287997,12231.854598078533,12092.822842748617,7977.518374286865,7671.43275350935,8019.39549504954,9039.783115780125,14512.773994576182,13880.402868402605,9850.933895333377,9328.0904460439,1758.6749189545,5820.541156090699,6230.286388462126,7008.402390117756,6587.137253378774,12604.674873768954,21643.209576490863,7853.346831939058,14624.748174973727,10083.346829071981,7973.704328972279,5551.792961953835,5870.198036521747,18071.920737886096,6093.27950979508,6553.42236152558,10120.31477392422,9739.1660549975,9271.188644976253,5012.231607410816,4699.7632547678,5084.603360040853,11429.579680887362,12362.106090106594,0.0,8172.666385576913,8200.20166163333,10970.847082052807,11048.344596762769,11624.417416589715,11869.67693699583,13363.452103091118,9219.776794431858,8660.608924752873,8485.322212712765,8539.713336917443,8233.33308730132,15198.940114431003,14637.906796398742,10954.26557068072,13324.875144500538,9688.319199740792,8587.2620248364,6869.068882718895,15827.682642253776,11845.111009473778,7096.185707409595,7331.40016356829,8052.0153761573265,11548.929330735655,10065.418760756907,9557.9887116161,3214.5529424518422,6844.939762261641,6694.876146886197,8576.555657259663,8637.231029885214,8911.63794646094,8131.474815867675,17428.663530589736,14575.742587984385,5249.567854893423,20289.171780538687,13637.323892697119,6228.276212430134,5922.989682456929,16862.267527951055,9136.854662992413,12140.64491389516,8766.330784836213,6894.549008872006
684.7026703494257,956.4846442283147,8788.177780703121,9491.128850500645,8507.49782879796,8879.830081586106,4379.462176173025,4748.225897808391,4579.760777732519,4052.6579746641646,11479.785162114473,12145.05271749124,1328.0757636684582,5329.934797778259,4790.284412966818,2192.7831251646053,1682.9990050347906,5562.951234990278,5423.919479660357,1842.754136349544,1719.2753771342245,1310.184683067247,9578.708620145675,6623.784497327686,14581.369828066709,2665.162749339444,2137.814178194559,7173.110582539916,6521.508115754802,6769.211892827677,2750.1932274850956,3155.1747675532506,4799.715195557763,14170.256391606088,3245.1751656356796,7151.794990088968,2071.7005964652562,8674.671288636384,3987.555671874388,3567.1026101355733,10598.967553001334,2262.5157789723467,1945.2506952222013,10659.24027828977,2056.151002280897,1884.1952250015088,4782.9080587925855,5181.133885824225,4917.141071047929,3624.620002676166,4557.146411895402,7975.717876409973,0.0,577.362540762145,11671.81404171691,3036.698364156047,12313.50075898484,12558.760279390954,5558.492424879932,2017.9945172042308,1968.9261544879394,2270.7613018319603,1843.049076687728,6939.602733698986,7393.980436219815,6832.947118187552,4285.362207592462,5851.921959615778,10377.402542135915,9288.228984500505,7570.035842382998,8193.669146477268,4412.156594623018,1989.5600554901202,2230.6112295389075,2281.709051912507,6837.740609733719,3103.9355388012336,3269.914460748233,5891.1282938204195,1130.7781141483326,1757.3403018517515,848.3200746690871,1050.29264593517,1158.1897425729464,744.4813958929288,9955.710345704967,6770.782909773198,5608.577886319219,12816.218595653914,5832.364214485929,4465.9952901375555,4276.840229976279,9057.30784973987,1125.2084303856896,12841.611873559263,4158.159118532837,4428.781584486329
777.5484065384405,577.8539802712561,9243.79418007813,8963.704451963618,8640.669449740228,9013.001702528374,4573.278253002924,4881.3975187506585,4989.630931417989,4462.528128349635,11612.956783056741,11617.628318954214,1478.2729940151373,4752.572257016113,4212.9218722046735,2375.231428828661,2170.323047258593,6124.925733095813,5985.8939777658925,1265.3915955873993,1141.9128363720793,732.822142305102,9051.284221608648,7079.400896702691,14053.945429529682,3227.1372474449777,2699.7886763000934,6853.38425564137,5994.083717217775,6241.78749429065,2172.8306867229503,2577.812226791105,5255.331594932771,14303.428012548355,3354.8318954070555,7284.9666110312355,2527.316995840264,8147.246890099355,3460.131273337361,2989.7400693734276,10732.139173943602,2355.3615151613617,2054.9074249935775,10131.815879752743,2511.767401655905,2446.169723107043,4255.483660255559,4653.709487287198,4389.716672510902,4080.236402051174,5012.762811270409,8068.563612598987,561.9744981055345,0.0,11144.389643179884,3492.314763531054,11786.076360447814,12031.335880853929,6014.1088242549395,2013.2127761022928,1626.9850063990868,1693.3987610698157,1501.107928598876,6362.240192936841,7849.596835594823,7288.56351756256,4847.336705697998,5985.093580558046,9849.978143598892,8760.804585963477,7042.611443845972,8487.901078311295,4505.329445531283,1412.1975147279752,1653.2486887767623,1704.346511150362,7050.414394203652,3665.9100369067683,3831.8889588537677,5397.506232144029,1223.6238503373474,1727.128423408275,526.7812185267752,590.7809633767583,1046.7227072992187,1306.455893998463,10088.881966647235,7226.399309148206,5081.153487782192,12949.39021659618,6287.9806138609365,3888.632749375411,3699.477689214134,9512.924249114876,1580.8248297606972,12314.187475022236,4267.8158483042125,3851.4190437241837
11734.564888206232,11251.373001771608,20382.1473373433,2257.1363113126968,18662.727782977567,19035.060035765717,14595.33658624027,14903.455851988005,15369.88551097378,14842.782707905428,21635.01511629409,7837.862067425914,12110.32513632201,7904.886890626154,7402.83821533395,13193.979901360755,13375.337675476243,17377.470242636304,17238.43848730639,10659.795143581714,10353.7095228042,10701.67226434439,6248.2665633928245,17195.050763871037,2909.555786349797,14479.68175698548,13952.333185840593,9285.60717140558,5201.2138685445625,5181.2698255273035,9476.207685001762,9037.94786074752,16393.684752197943,24325.486345785714,13532.899225554811,17307.024944268578,13317.370443380854,3983.073743552251,7780.454605687916,8409.82466219132,20754.197507180947,11772.831903410837,12232.974755141335,6981.877679074863,13650.120558921077,13698.714232647542,6986.385861028013,7133.778517501156,6852.15284877267,15218.58955931635,16151.115968535581,11021.755024635262,11814.519007646037,11328.330592852064,0.0,14430.273958628104,7511.579827223362,7756.839347629475,17152.461981520115,11902.053563726711,11342.885694047725,11167.598982007617,11221.990106212295,8951.20092858749,18074.729592130272,18026.196494387856,16099.881215238496,16007.151913795391,5680.108851318594,5415.026860391086,4123.657863508592,18509.95941154864,14527.38777876863,9778.462476704446,9960.375135829787,10734.292145452178,17228.481724351404,14918.454546447267,15084.433468394267,7829.729147908238,12139.748597776788,12051.23775121251,11451.176751467563,11319.507799180063,11593.91471575579,12559.000403538965,20110.940299884587,18364.75246641338,6131.887074104619,22971.448549833538,17364.98006873673,7727.127338163213,7648.552217768314,20651.277406380043,12719.177987025874,1169.7978318423513,14445.883178451966,8393.400134605085
3852.5288166707,4124.31079054959,6330.917584177131,12309.597246937115,5683.759785787502,6056.092038575647,1342.7638120169772,1866.2445269677487,5228.043032679762,4730.148084851148,8656.047119104018,14963.52111392771,2430.7309580706783,8081.093134171305,7558.814667178166,4568.126990330638,3930.667902025372,3748.9567647073145,4678.78835021371,4177.931872312825,4279.967925100464,4081.1212789057818,12397.177016582145,3587.0861331716414,17399.838224503175,2317.4608229726414,2628.069742367673,10199.277050614863,9339.97651219127,9587.680289264143,5501.351563878142,5923.705021764598,2503.3825539124073,11346.518348595631,5716.944930774274,4328.056947078509,1287.0913871152459,11493.139685072854,6806.024068310853,6335.632864346918,7775.229509990878,5407.478761223858,4949.114854314543,13477.70867472624,1637.0520114219555,2518.6822380978583,7601.3764552290495,7999.602282260688,7735.609467484393,1328.2873610308106,2304.198712423857,11143.544022731245,3167.8261463212743,3616.7351563793322,14490.282438153381,0.0,15131.969155421308,15377.228675827422,3179.0435371606427,3154.1868359957666,3469.2162250808137,3896.251996174776,3392.5740594863514,9690.761070092032,4370.3336171234105,3809.300299091148,3547.661877113244,3028.1839166053205,13195.870938572385,12106.697380936974,10388.504238819467,5170.022327380863,2397.5695140081607,4758.299849462021,4999.1414837502525,4840.078501883797,7702.941492846533,3044.146403471794,3591.5296985905484,8743.39902711752,4298.604260469607,4925.166448173026,3310.6189514938987,3454.8362265461155,3142.5458997021497,3270.452107480992,7131.972302694513,4313.522713247208,8427.046282755684,9992.480552643457,2934.706110108625,7234.525544348903,7045.370484187625,6449.906696684588,2305.782846842752,15660.080269995733,6537.889037626553,7179.939920879375
12404.751679561947,11921.559793127322,21052.33412869903,5644.2030919709705,19332.914574333285,19705.24682712143,15265.523377595984,15573.64264334372,16040.07230232949,15512.969499261138,22305.201907649807,1727.1144924813536,12780.511927677724,8575.073681981863,8073.0250066896615,13864.166692716464,14045.524466831957,18047.657033992014,17908.625278662097,11329.981934937428,11023.896314159914,11371.859055700104,4046.607100590187,17865.237555226762,8371.349254624542,15149.868548341194,14622.519977196307,9955.793962761294,5871.400659900274,5786.692857821533,10146.394476357471,9708.134652103228,17063.871543553672,24995.67313714143,14203.08601691052,17977.211735624292,13987.557234736569,4014.517322448112,8450.64139704363,9080.011453547033,21424.384298536665,12443.018694766546,12903.161546497044,3212.926931682824,14320.307350276791,14368.901024003257,7656.572652383724,7803.9653088568675,7522.339640128381,15888.776350672064,16821.302759891292,11691.941815990973,12484.705799001751,11998.517384207778,7511.579827223361,15100.460749983818,0.0,1021.0000298137114,17822.648772875844,12572.240355082426,12013.07248540344,11837.785773363332,11892.17689756801,9621.3877199432,18744.916383485997,18696.38328574358,16770.068006594207,16677.338705151105,2043.3115654316114,3565.987432212105,4908.924302884298,19180.146202904365,15197.574570124345,10448.64926806016,10630.561927185501,11404.478936807893,17898.668515707115,15588.641337802981,15754.620259749981,8499.91593926395,12809.935389132503,12721.424542568224,12121.363542823277,11989.694590535777,12264.101507111505,13229.18719489468,20781.1270912403,19034.93925776911,6802.07386546033,23641.635341189256,18035.166860092446,8397.314129518923,8318.739009124027,21321.46419773577,13389.364778381589,8158.102009844798,15116.069969807675,9063.586925960795
12650.011199968058,12166.819313533433,21297.59364910514,5889.462612377083,19578.174094739396,19950.506347527542,15510.782898002095,15818.90216374983,16285.331822735601,15758.22901966725,22550.461428055918,752.2550209557346,13025.771448083835,8820.333202387974,8318.284527095773,14109.426213122573,14290.783987238068,18292.91655439813,18153.88479906821,11575.24145534354,11269.155834566025,11617.118576106215,3553.661252704165,18110.497075632873,8831.10663397,15395.128068747304,14867.779497602418,10201.053483167401,6116.660180306385,6031.952378227644,10391.653996763584,9953.394172509341,17309.131063959783,25240.932657547542,14448.345537316629,18222.471256030403,14232.81675514268,4259.776842854224,8695.90091744974,9325.270973953144,21669.643818942775,12688.278215172655,13148.421066903153,2238.0674601572046,14565.566870682902,14614.160544409368,7901.832172789835,8049.224829262978,7767.599160534492,16134.035871078175,17066.562280297403,11937.201336397084,12729.965319407862,12243.77690461389,7756.839347629473,15345.72027038993,1021.0000298137113,0.0,18067.908293281955,12817.499875488536,12258.33200580955,12083.045293769443,12137.43641797412,9866.647240349312,18990.17590389211,18941.64280614969,17015.32752700032,16922.598225557216,2288.571085837723,3811.2469526182167,5154.183823290409,19425.405723310476,15442.834090530456,10693.908788466271,10875.821447591612,11649.738457214004,18143.928036113226,15833.900858209092,15999.879780156092,8745.17545967006,13055.194909538614,12966.684062974335,12366.623063229388,12234.954110941888,12509.361027517616,13474.44671530079,21026.386611646412,19280.19877817522,7047.333385866441,23886.894861595367,18280.42638049856,8642.573649925036,8563.998529530138,21566.723718141882,13634.6242987877,8403.361530250908,15361.329490213784,9308.846446366908
6204.974808059395,6476.756781938284,3229.685355823189,14701.602985979429,4659.223931961976,5191.357200128516,3400.2507087462327,3240.8282196092127,6425.89520829212,5929.278423763282,6872.340360411101,17355.526852970022,5179.304474712017,10490.470791031921,9950.820406220482,6502.301516024045,5928.38781774502,2796.538332616802,3449.475181800097,6995.061750365875,6879.680331801402,6462.492297083578,14789.182755624459,1998.4044890467856,19791.84396354549,4239.585986398787,4555.463656800157,12591.282789657183,11731.982251233583,11979.686028306456,7910.729220738757,8315.710760806915,758.7772293221676,9562.811589902714,7644.338845206759,3719.8109190133036,4183.415078707708,13885.145424115168,9198.029807353169,8727.638603389236,5991.522751297957,7509.290688085988,7050.926781176673,15869.714413768554,3750.2667145786586,4495.478300232608,9993.382194271362,10391.608021303002,10127.615206526705,1933.872422203765,2366.533987431612,13399.64683906831,5520.27213770997,5969.181147768027,16882.288177195696,3179.043537160642,17523.974894463623,17769.23441486973,0.0,6014.889138703874,6553.613504295165,6761.07147907586,6316.533297112174,12100.138726952648,2334.5613335999005,1773.5280155676382,3928.4112128782613,2972.482288604971,15587.876677614699,14498.703119979287,12780.50997786178,3134.250043857354,5092.957512354986,7150.096048743783,7391.14722279257,7442.1140065796835,8902.071831758665,4962.9992202233,5468.065404216273,11135.404766159842,6651.050251858302,7277.612439561723,5663.064942882594,5872.573499175201,5767.7442825332955,5268.172023200638,5883.154558512329,1212.2904848932667,10819.052021797997,8208.77379395054,772.9451118660136,9626.53128339122,9437.376223229943,3498.815424859937,4433.582697691058,18052.086009038045,8348.268893622544,9589.317577739992
2572.71026458454,2496.5419823473912,9487.399733140779,9590.299845061138,7082.330407402219,7454.6626601903645,3014.9392106649166,3323.05847641265,6434.460568899139,5852.2752990264335,10054.617740718733,12244.22371205173,1257.15449100675,5012.841470867297,4648.158364122063,4170.393286874759,3663.817723413919,6656.99176405214,6963.967496677673,1429.4282552140137,1587.0589967480043,1714.5291321697673,9677.879614706164,5614.653388295686,14680.540822627197,4205.210766356756,3677.862195211873,7479.979648738888,6620.679110315293,6868.382887388168,2583.013581821619,3031.443167232946,5526.837139925657,12745.088970210347,5149.993753453155,5726.627568693227,2238.340579234409,8773.842283196875,4086.7266664348786,3616.335462470945,9173.800131605594,4150.523373207462,3850.0692830396774,10758.411272850259,2867.2796231765283,3424.243242018822,4882.079053353076,5280.304880384716,5016.312065608419,4351.74194704406,5284.268356263294,9238.654567693387,2067.7044238549774,1918.688002076135,11770.9850362774,3183.293225198079,12412.67175354533,12657.931273951444,6285.614369247825,0.0,736.4725964612762,746.1823403719866,694.5092871283118,6622.509406788025,6494.3322165549225,6445.7991188125,5825.410224609778,4426.754538220037,10476.573536696407,9387.399979060994,7669.206836943489,6929.562035973287,2946.9904031932747,2209.3294224269293,2279.844081874279,1921.7405198272745,8734.430702646183,4643.983555818547,4809.962477765548,6024.101625241547,3018.785708383447,3584.555693278304,1479.2706006318424,1470.9629331462381,1016.298360702908,2794.66756404642,8530.54292430923,7470.004862210855,5707.74888087971,11391.051174258173,6091.188259072272,4323.8692412928,4326.073082311651,9489.001266243145,2111.294719766838,12940.782868119752,6062.977706350312,4111.688257575367
2199.2709728844125,2123.1026906472644,9744.79596129865,9026.118887947716,7339.726635560091,7712.058888348237,3272.335438822789,3580.4547045705226,6411.353497763962,5884.250694695608,10312.013968876605,11680.042754938311,1523.186133277391,4771.6477940290615,4257.051006036343,3796.9539951746324,3570.4618755890774,6935.034202598239,7123.368683544973,865.2472981005943,1022.8780396345849,1181.1166945035486,9113.698657592746,5872.049616453559,14116.35986551378,4364.611953224056,3837.2633820791734,6915.798691625467,6056.498153201873,6304.201930274748,2191.9062237358985,2640.2266627752015,5804.879578471757,13002.485198368218,4776.554461753029,5984.023796851099,2504.3722215050493,8209.661326083453,3522.5457093214577,3052.154505357524,9431.196359763466,3777.084081507335,3476.6299913395505,10194.23031573684,3133.3112654471693,3583.6444288861226,4317.898096239655,4716.123923271294,4452.131108494998,4629.78438559016,5562.310794809394,8674.473610579966,1887.4628705542868,1545.2487103760084,11206.804079163981,3461.335663744179,11848.490796431912,12093.750316838026,6563.6568077939255,583.8408680845844,0.0,582.1832259271621,249.00904372835944,6381.315729949789,6751.728444712795,6703.195346970373,5984.811411477078,4684.150766377909,9912.39257958299,8823.219021947574,7105.025879830069,7186.958264131159,3204.386631351147,1675.9169847607106,1715.663124760859,1530.633161741554,8472.136960549627,4803.3847426858465,4969.363664632848,5459.920668128126,2645.3464166833196,3211.1164015781774,1105.8313089317157,1097.5236414461115,933.0115803026849,2631.9442664472163,8787.9391524671,7727.401090368728,5143.56792376629,11648.447402416044,6348.584487230144,3932.7618832070807,3761.8921251982306,9746.397494401019,2308.3226395875604,12376.601911006333,5689.538414650186,3870.494580737132
2472.176477936713,2289.220951973474,9928.074278977389,8844.117504689148,7523.004953238829,7895.337206026975,3455.613756501527,3763.7330222492606,6684.259002816262,6157.156199747908,10495.292286555343,11498.041371679743,1946.7959096834516,4266.65913049531,3901.9760237500773,4069.8595002269326,3864.951118656864,7358.6439790043005,7533.955100040781,683.2459148420271,840.8766563760178,1004.6886295994094,8931.697274334178,6055.327934132297,13934.358482255211,4775.198369719864,4247.849798574982,6733.797308366899,5874.496769943305,6122.200547016179,1836.8312414496324,2285.2608268609592,6228.489354877816,13185.763516046956,5049.459966805328,6167.302114529837,2927.9819979111094,8027.659942824885,3340.5443260628904,2870.153122098957,9614.474677442204,4049.9895865596354,3749.5354963918508,10012.228932478272,3556.921041853229,3994.230845381931,4135.896712981087,4534.122540012727,4270.12972523643,5053.39416199622,5985.920571215454,8492.4722273214,2211.864153084884,1737.510771904512,11024.802695905413,3884.9454401502394,11666.489413173344,11911.748933579458,6776.200231960901,980.6655023443099,423.6097764060605,0.0,672.6188201344199,5876.327066416037,6935.006762391533,6886.473664649111,6395.397827972886,4867.429084056647,9730.39119632442,8641.217638689006,6923.024496571501,7370.236581809897,3387.664949029885,1499.4889198565713,1533.6617415022922,1175.558179455288,8745.042465601928,5213.971159181655,5379.950081128656,5277.919284869558,2918.2519217356203,3438.4953951104935,1450.9078205250548,1289.7191458078232,1355.8712845032555,2956.3455489778135,8971.217470145837,7910.679408047466,4961.566540507722,11831.725720094782,6531.862804908882,3577.686900920815,3579.8907419396633,9929.675812079757,2718.9090560833683,12194.600527747765,5962.443919702485,3365.5059172033802
2073.393895084202,1997.2256128470542,9615.73102358201,9099.55109113624,7440.737676765278,7813.069929553423,3373.346480027975,3681.465745775709,6285.476419963752,5758.373616895399,10413.025010081792,11753.474958126833,1275.7913608199983,4845.079997217585,4330.483209224867,3671.0769173744225,3444.584797788867,6757.4230625631335,6964.463306586196,938.6795012891174,1076.6596876401663,1060.1913217445601,9187.130860781268,5973.060657658745,14189.7920687023,4205.706576265279,3678.3580051203962,6989.23089481399,6129.930356390395,6377.63413346327,2265.3384269244216,2713.6588659637246,5627.26843843665,13103.496239573406,4650.677383952818,6085.0348380562855,2256.9774490476575,8283.093529271975,3595.977912509981,3125.5867085460472,9532.207400968653,3651.2070037071244,3350.7529135393397,10267.662518925363,2885.9164929897765,3424.7390519273454,4391.3302994281785,4789.556126459817,4525.5633116835215,4452.173245555054,5384.699654774287,8747.90581376849,1761.5857927540765,1419.371632575798,11280.236282352502,3286.552556961867,11921.922999620434,12167.182520026548,6386.045667758819,680.0634575144143,249.00904372835947,674.4429905861664,0.0,6454.747933138313,6852.739485917981,6804.2063881755585,5825.906034518302,4785.161807583096,9985.82478277151,8896.651225136096,7178.458083018591,7287.969305336345,3305.397672556333,1554.9916120017217,1789.0953279493822,1604.065364930077,8346.259882749417,4644.47936572707,4810.4582876740715,5533.352871316649,2519.4693388831092,3085.239323777967,979.9542311315053,971.646563645901,771.9857717978934,2506.067188647006,8888.950193672286,7598.336152652086,5217.000126954812,11749.458443621232,6221.2586670704895,4006.194086395604,3835.3243283867537,9736.459253646457,2129.9315895800864,12450.034114194854,5563.661336849975,3943.926783925655
6612.882980807523,6129.6910943729035,15260.46542994461,5225.611485060242,13350.839000503516,13723.171253291664,9283.447803766216,9591.56706951395,10900.160652556704,10373.057849488352,16323.12633382003,7671.904395550141,6988.643228923307,1799.1164039604525,1941.8638845680005,8285.761149967379,8253.655768077542,12255.788335237603,12116.756579907687,5488.807134046638,5232.027615405498,5579.990356945688,5105.560298204581,11883.161981396981,10315.8524626263,9357.999849586773,8830.651278441886,4988.5312682332315,2255.990750314396,2503.6945273872698,4015.2333542358137,3576.9735299815693,11272.002844799254,19013.597563311654,9149.274735447789,11995.136161794526,8195.68853598215,4409.153923195976,2658.772698289216,3288.14275479262,15442.30872470689,7475.756000238491,7849.350265034315,6186.091956348671,8528.438651522389,8577.032325248836,2186.260769657894,2512.7063411131603,2133.493787739717,10096.907651917661,11029.434061136893,6724.679121462915,6692.8371002473295,6206.648685453365,7406.296676276503,9308.592051229403,8047.983393544441,8293.242913950551,12030.780074121418,6780.371656328007,6221.203786649023,5855.451569362919,6100.308198813593,0.0,12762.840809656213,12714.307711913798,10978.19930783979,10695.263131321337,6111.885176695516,5022.711619060098,3304.518476942592,13198.070629074575,9215.498996294577,4656.7805693057435,4612.721489832537,5260.758869648261,12844.857234244386,9796.77263904856,9962.75156099556,3532.6532447358904,7018.066690378086,6929.555843813801,6329.494844068864,6197.825891781362,6472.232808357086,7437.318496140258,14799.051517410526,13243.070559014684,1475.1112665694927,17659.55976735948,12243.298161338027,2266.153007397263,2526.8703103696143,15529.595498981356,7597.49607962718,8576.094508118855,10062.258688344944,2510.821149212657
8040.462819399283,8312.24479327817,5304.820956107633,15773.008494672551,2337.5081588774715,2856.795866528615,3610.7751854181993,3320.096989032435,8261.383219632005,7764.766435103166,4537.779026811198,18426.93236166314,6680.35455443794,11195.550120478712,10830.867013733481,8337.78952736393,7763.875829084905,4797.204129223167,5450.140978406464,7612.13690482543,7769.767646359422,7855.945690726361,15860.588264317581,1132.1061068307397,20863.249472238607,6075.073997738672,6390.951668140041,13662.688298350306,12803.387759926705,13051.091536999578,8765.722231433034,9214.15181684436,2594.2652406620527,7228.250256302811,9479.826856546639,1589.2707718591023,5624.755560544864,14956.55093280829,10269.43531604629,9799.044112082358,3656.9614176980544,9344.778699425871,8886.414792516554,16941.119922461676,5585.754725918545,6330.966311572492,11064.787702964484,11463.013529996124,11199.020715219827,3769.3604335436503,4202.021998771497,15235.134850408193,7355.760149049857,7804.669159107914,17953.693685888815,4337.664173429619,18595.380403156738,18840.639923562845,2334.5613335998996,6182.708649611417,6919.181246072693,6928.890989983403,6870.075641434313,12805.218056399439,0.0,561.0333180322622,5818.671809906828,2074.9260943656986,16659.282186307817,15570.10862867241,13851.915486554903,799.6887102574527,5260.777023262529,8350.745980983525,8462.552731485694,8104.44916943869,10737.559843098554,6798.487231563184,7303.553415556157,12206.810274852964,8486.53826319819,9113.100450901606,7498.552954222481,7612.379491702832,6999.660008883719,7103.660034540523,3548.593224912426,3287.4260851777103,11890.45753049112,5874.212460350637,1561.6162217338865,10506.577890904218,10508.781731923065,3980.003568450417,6269.070709030945,19123.491517731163,10183.756904962427,10294.396907186783
7479.429501367022,7751.21147524591,4743.7876380753705,15724.475396930131,2898.5414769097342,3417.8291845608774,3562.2420876757783,3271.563891290014,7700.349901599743,7203.733117070906,5098.81234484346,18378.39926392072,6207.361813468033,11147.017022736292,10782.333915991057,7776.756209331667,7202.842511052643,4236.170811190905,4889.107660374201,7563.603807083009,7721.234548617001,7736.946990391204,15812.055166575161,831.1457305168151,20814.716374496187,5514.040679706411,5829.91835010778,13614.155200607885,12754.854662184285,13002.558439257158,8717.189133690612,9165.618719101938,2033.2319226297905,7789.283574335073,8918.79353851438,2134.5824801940153,5063.722242512602,14908.01783506587,10220.90221830387,9750.511014339938,4217.994735730317,8783.745381393612,8325.381474484295,16892.586824719256,5024.7214078862835,5769.93299354023,11016.254605222064,11414.480432253704,11150.487617477407,3208.327115511388,3640.9886807392354,14674.101532375933,6794.726831017596,7243.635841075653,17905.160588146395,3776.6308553973568,18546.84730541432,18792.10682582043,1773.528015567638,6134.175551868996,6870.648148330272,6880.357892240982,6821.542543691892,12756.684958657019,561.0333180322621,0.0,5257.638491874566,2026.3929966232774,16610.749088565397,15521.57553092999,13803.382388812483,1360.722028289715,5212.243925520108,8302.212883241104,8414.019633743274,8055.916071696269,10176.526525066294,6237.453913530923,6742.520097523897,12158.277177110544,7925.504945165927,8552.067132869346,6937.51963619022,7147.028192482827,6919.176755099505,6542.626716508262,4109.6265429446885,2726.392767145448,11841.9244327487,6435.2457783828995,1000.5829037016244,10458.044793161795,10460.248634180645,3957.980856379417,5708.037390998684,19074.958419988743,9622.723586930166,10245.863809444363
4914.649933333183,5186.431907212072,7158.0965687014495,13721.076113484407,8071.82523712788,8612.987114180096,4859.615794071122,5150.883072889884,2645.0791916863245,2148.462407157487,10356.45083671802,16374.999980474999,4685.5483164085035,9559.882060762013,9020.231675950574,3592.3709017449855,3546.137573096291,1322.9000344255198,1138.557272067894,6072.7013993333,5949.222640117979,5540.131946051003,13808.655883129433,5411.00579421269,18811.317091050463,1975.2155286648376,2148.304564224175,10253.73343858976,10751.45537873856,10999.159155811432,6980.140490468851,7385.122030537009,3450.6166853336044,13046.922066209636,4013.125881277834,7132.412224179209,4154.760610267205,12904.618551620144,8217.502934858145,7797.049873119328,9475.633227604882,5063.429349362158,4502.918370934235,14889.187541273528,3245.526741927755,2557.776872020465,9012.855321776336,9411.081148807976,9147.08833403168,2875.263560685434,2371.2954508446455,11056.340732459814,4257.199045899474,4807.309803745902,15901.761304700669,3615.860754889705,16217.11031913666,16462.369839542775,3928.4112128782613,5685.510546184403,5783.837534411835,6209.271481269641,5546.757327228845,11169.54999668274,5818.671809906826,5257.638491874563,0.0,6259.539676672445,14281.012102287736,13518.176247484264,11799.983105366757,6618.360520164279,5928.161130916203,6219.507318473877,6460.558492522663,6511.6563148962605,5121.25581515287,1182.1832036175006,1687.2493876104754,9283.163784988044,5141.013472805252,5971.990180336235,4893.288972999264,5102.797529291871,4997.968312649966,3495.449122103194,9367.265034819255,5140.7016977715275,9838.525149302974,11692.884270257462,4257.05558817294,8695.942553121311,8506.787492960037,7427.2266377381975,3814.2009200698876,17071.55913654302,4567.45287701675,8658.728847470084
6543.083841949649,6564.051192507052,6123.473096041673,13699.101146275629,2655.5758691821798,3141.8946656556304,1707.8898710462793,1246.1896406355042,8078.539167125685,7581.922382596847,5627.863202498698,16353.02501326622,4606.447206041009,9121.642772081783,8756.959665336548,7488.5647423416585,6851.1056540363925,5362.73267350743,6015.669522690727,5538.2295564285,5695.860297962491,5782.038342329428,13786.680915920655,1195.2472661064626,18789.342123841685,5325.376162342321,5548.507494378693,11588.78094995338,10729.480411529781,10977.184188602654,6691.814883036105,7140.244468447432,2939.273911965831,8318.334431990312,8637.382682785294,1413.8595741584918,3814.2413898225673,12882.643584411366,8195.527967649365,7725.136763685429,4747.045593385555,8098.033786502805,7639.66987959349,14867.21257406475,4557.489763432975,5439.119990108878,8990.880354567558,9389.106181599198,9125.113366822901,3378.8215316333417,4354.732883026389,13347.45586890788,5858.381171600223,5986.1972122357965,15879.78633749189,3007.9153393696783,16521.473054759823,16766.732575165937,2971.5990490251843,4108.801301214487,4845.273897675763,4854.983641586473,4796.168293037379,10731.31070800251,2074.9260943656986,2026.392996623278,6254.0850923187745,0.0,14585.374837910895,13496.201280275485,11778.008138157978,2510.155913784062,3186.869674865596,6276.838632586592,6388.645383088764,6030.541821041759,10554.715790592234,6052.061742841472,6599.445037960228,10132.902926456036,6989.159285748554,7615.721473451976,5546.779810791503,5538.4721433058985,4925.752660486785,6166.223637932401,4217.774929774495,4106.07822511175,9816.550182094195,6964.296636038138,2425.5373667643844,8432.670542507285,8434.874383526138,5535.518311534548,5095.823034546422,17049.58416933424,9458.326789637573,8220.489558789854
10361.44011413033,9878.248227695705,19009.02256326739,3600.891526539359,17289.603008901668,17661.935261689818,13222.211812164369,13530.331077912104,13996.76073689788,13469.657933829529,20261.89034221819,2157.753216107321,10737.20036224611,6531.762116550251,6029.713441258048,11820.855127284854,12002.21290140034,16004.345468560407,15865.313713230491,9286.670369505813,8980.584748728299,9328.54749026849,2003.2955351585758,15821.925989795134,6994.156731696328,13106.556982909577,12579.20841176469,7912.48239732968,3828.089094468663,3743.3812923899204,8103.082910925861,7664.823086671616,15020.55997812204,22952.361571709815,12159.77445147891,15933.900170192679,11944.245669304955,1971.2057570165011,6407.329831612015,7036.6998881154195,19381.072733105048,10399.707129334936,10859.849981065434,1330.8419618768032,12276.995784845176,12325.58945857164,5613.261086952114,5760.653743425257,5479.028074696771,13845.464785240449,14777.991194459679,9648.630250559361,10441.394233570134,9955.205818776163,5814.725053209958,13057.149184552205,2778.269240843645,2910.008237063055,15779.337207444205,10528.92878965081,9969.760919971824,9794.474207931717,9848.865332136394,7578.076154511587,16701.604818054362,16653.071720311953,14726.756441162594,14634.02713971949,0.0,1522.6758667804932,2865.6127374526864,17136.83463747273,13154.26300469273,8405.337702628545,8587.25036175388,9361.167371376278,15855.356950275507,13545.329772371364,13711.308694318364,6456.604373832339,10766.623823700886,10678.112977136607,10078.051977391662,9946.383025104162,10220.78994167989,11185.875629463062,18737.815525808688,16991.62769233747,4758.76230002872,21598.32377575764,15991.855294660829,6354.002564087311,6275.427443692413,19278.152632304133,11346.053212949973,6566.411627977236,13072.758404376065,7020.275360529183
9290.985746903838,8807.793860469217,17938.568196040906,3139.893934014599,16219.14864167518,16591.480894463326,12151.757444937879,12459.876710685614,12926.306369671387,12399.203566603035,19191.435974991702,3699.1385473604746,9666.745995019623,5461.3077493237615,4959.259074031557,10750.400760058363,10931.758534173849,14933.891101333915,14794.859346004,8216.216002279325,7910.13038150181,8258.093123042001,954.193030124015,14751.471622568644,7104.2316943419655,12036.102615683085,11508.754044538198,6842.028030103187,2757.6347272421713,2591.4403753880956,7032.62854369937,6594.368719445125,13950.105610895553,21881.907204483326,11089.320084252418,14863.44580296619,10873.791302078467,1510.2081644917405,5336.875464385525,5966.24552088893,18310.61836587856,9329.252762108445,9789.395613838942,2265.3435309798806,11206.541417618688,11255.135091345148,4542.806719725623,4690.199376198764,4408.57370747028,12775.01041801396,13707.53682723319,8578.17588333287,9370.939866343642,8884.751451549673,5353.727460685198,11986.694817325717,3477.483548102078,3722.7430685081895,14708.882840217717,9458.47442242432,8899.306552745335,8724.019840705227,8778.410964909905,6507.6217872850975,15631.150450827876,15582.617353085461,13656.302073936102,13563.572772493,1541.3853312531542,0.0,1795.158370226195,16066.380270246238,12083.80863746624,7334.883335402055,7516.795994527391,8290.713004149788,14784.902583049015,12474.875405144872,12640.854327091873,5386.150006605846,9696.169456474396,9607.658609910117,9007.597610165174,8875.928657877674,9150.3355744534,10115.42126223657,17667.361158582196,15921.173325110984,3688.307932802229,20527.86940853115,14921.40092743434,5283.54819686082,5204.973076465923,18207.69826507765,10275.598845723485,6523.52529252755,12002.304037149574,5949.820993302692
7610.907024697634,7127.7151382630145,16258.489473834712,1921.0930081176484,14539.069919468977,14911.402172257125,10471.678722731676,10779.797988479411,11246.227647465186,10719.124844396834,17511.357252785496,5040.168155217284,7986.667272813418,3781.229027117561,3279.180351825357,9070.322037852164,9251.679811967653,13253.812379127714,13114.780623797798,6536.137280073124,6230.051659295609,6578.014400835799,2614.5974672073094,13071.392900362442,7011.333985683709,10356.023893476884,9828.675322331997,5161.949307896985,1077.556005035971,1057.6119620187117,5352.54982149317,4914.289997238925,12270.026888689355,20201.82848227712,9409.24136204622,13183.367080759986,9193.712579872263,1104.6354462533845,3656.796742179326,4286.16679868273,16630.539643672353,7649.174039902245,8109.316891632744,3720.060743077094,9526.46269541249,9575.056369138947,2862.7279975194233,3010.1206539925615,2728.49498526408,11094.931695807763,12027.458105026995,6898.09716112667,7690.8611441374405,7204.672729343476,4101.778199333911,10306.616095119512,4818.513155958888,5063.772676365001,13028.80411801152,7778.395700218118,7219.227830539134,7043.941118499022,7098.332242703704,4827.543065078897,13951.071728621673,13902.538630879259,11976.223351729901,11883.494050286798,2882.4149391099636,1781.3577642055718,0.0,14386.301548040035,10403.729915260037,5654.8046131958545,5836.717272321191,6610.634281943586,13104.823860842816,10794.796682938671,10960.775604885672,3706.0712843996444,8016.090734268197,7927.579887703912,7327.518887958975,7195.849935671473,7470.256852247197,8435.34254003037,15987.282436375986,14241.094602904786,2008.2292105960282,18847.790686324945,13241.322205228136,3603.4694746546193,3524.8943542597244,16527.619542871456,8595.520123517288,5271.576031176263,10322.225314943375,4269.742271096492
8840.151529656738,9073.188360322345,5701.576231936739,16208.238314090915,1537.819448620019,2057.1071562711622,4046.005004836562,3755.3268084507977,9061.07192988946,8564.455145360622,3738.090316553745,18862.162181081498,7115.584373856303,11630.779939897075,11266.096833151842,9137.478237621386,8563.564539342357,5596.89283948062,6249.829688663916,8047.366724243792,8204.997465777784,8291.175510144723,16295.818083735945,1931.7948170881928,21298.47929165697,6874.762707996127,7190.640378397496,14097.91811776867,13238.61757934507,13486.321356417942,9200.952050851396,9649.381636262722,3393.953950919506,6428.561546045359,10279.515566804095,1439.605749869936,6323.378557637861,15391.780752226654,10704.665135464655,10234.273931500722,2857.272707440602,10144.467409683326,9686.103502774009,17376.349741880033,6385.4434361759995,7130.655021829946,11500.017522382848,11898.243349414488,11634.250534638191,4569.049143801103,5001.710709028947,15856.59303672317,8155.448859307312,8495.334380051092,18388.92350530718,5137.352883687071,19030.610222575106,19275.869742981213,3134.250043857353,6617.938469029779,7354.4110654910555,7364.120809401766,7305.305460852675,13240.447875817801,799.6887102574528,1360.722028289715,6618.360520164281,2510.1559137840613,17094.512005726185,16005.338448090773,14287.145305973267,0.0,5696.006842680891,8785.975800401886,8897.782550904058,8539.678988857053,11537.24855335601,7598.175941820637,8103.24212581361,12642.040094271328,9286.226973455647,9912.78916115906,8055.916978606799,8047.609311121194,7434.889828302081,7903.348744797978,2748.904514654974,4087.1147954351623,12325.687349909484,5074.523750093185,2361.304931991339,10941.807710322579,10944.01155134143,3730.1396780122345,7068.7594192884,19558.721337149527,10983.445615219882,10729.626726605145
3544.8914827376943,3538.0557635301316,8217.752900885273,10673.10571729871,5812.683575146715,6185.01582793486,1745.2923784094135,2053.4116441571473,7039.453576800045,6457.26830692734,8784.97090846323,13327.029584289305,1862.1474989076576,6095.647343104864,5730.9642363596295,4906.269819620091,4268.810731314825,6038.618709226199,6968.4502947325955,2512.2341274515816,2669.864868985572,2756.0429133525076,10760.68548694374,4345.006556040179,15763.34669486477,4785.709053424668,4282.855203112779,8562.785520976457,7703.484982552862,7951.188759625737,3665.8194540591853,4114.249039470513,4702.742099396603,11475.442137954846,6030.3234264680805,4456.980736437722,2753.8678998855853,9856.648155434446,5169.532538672447,4699.141334708512,7904.1532993500905,5122.704591360614,4769.3115727715085,11841.217145087834,3432.4524512673756,4029.2362499197284,5964.884925590643,6363.110752622282,6099.1179378459865,3583.1991135565636,4559.11046494961,10321.460439930957,2860.1888123882686,2960.2017832588754,12853.790908514971,2468.248230452025,13495.477625782902,13740.737146189016,5065.878853868787,1082.8058722375672,1819.2784686988437,1828.9882126095538,1770.1728640604604,7705.315279025592,5224.685384299415,5176.152286556993,5837.32382163213,3157.1077059645336,11559.379408933979,10470.205851298566,8752.01270918106,5659.915203717779,0.0,3250.84320360967,3362.649954111846,3004.5463920648413,9339.42371054709,5248.976563719451,5414.955485666453,7106.907497479114,3990.9669265366015,4617.52911424002,2520.784381814583,2512.476714328979,1899.757231509866,3406.431048112949,7260.896092053726,6200.358029955351,6790.554753117279,10121.404342002672,4821.541426816768,5406.675113530367,5408.878954549219,8219.354433987639,2678.716262350965,14023.588740357323,6943.3073793652375,5194.494129812934
2084.9982255981568,1800.8103188538848,10603.684860638872,7551.5069372356475,8884.265306273126,9256.597559061272,4816.874109535823,5124.993375283557,6372.275897347344,5845.17309427899,11856.55263958964,10205.430804226233,2331.862659617564,3340.3747422881374,2800.7243574766985,3757.876394758014,3640.686252095335,7642.818819255405,7503.787063925485,881.3326668772697,575.2470460997545,923.2097876399446,7639.086706880674,7416.588287166594,12641.747914801708,4745.030333604568,4217.681762459686,5441.186740913396,4581.886202489802,4829.5899795626765,760.6331719949746,1165.6147120631304,6615.222275493512,14547.023869081253,4662.281714466772,7528.562467564134,3538.9079666764064,6735.049375371382,2047.9337586093866,1577.5425546454526,10975.7350304765,3662.811334221079,3362.3572440532944,8719.618365024762,3871.658082216642,3964.062809266635,2843.286145527582,3241.5119725592226,2977.5191577829255,5440.127082611915,6372.65349183115,7199.8616598678955,2079.8675842651255,1549.8681161476213,9732.19212845191,4651.811481923658,10373.878845719844,10619.138366125959,7373.999504815681,2123.5910870222633,1564.4232173432788,1389.136505303168,1443.5276295078488,4950.042678208864,8296.26711542583,8247.734017683408,6365.2297918575905,6228.689437090944,8437.780628870922,7348.607071235504,5630.413929117998,8731.496934844194,4748.925302064182,0.0,241.05117404878706,955.8296687477314,8357.864213263372,5183.803123066359,5349.78204501336,3985.308717416054,2531.073669397064,2950.084761990904,1672.7142747631196,1541.0453224756181,1815.452239051342,2824.348980158055,10332.477823180134,8586.289989708946,3668.9559730542173,13192.98607312908,7586.51759203228,2476.435234647436,2287.280174486159,10872.814929675618,2940.7155103214336,10901.989960294262,5575.265667363929,2439.221528996208
2728.956252601016,2444.7683458567435,11211.027032960892,7754.199196799026,8995.172878599977,9367.505131388123,4927.781681862673,5235.9009476104075,7016.233924350202,6489.131121281848,11967.46021191649,10216.56252763094,2939.204831939582,3099.323568239351,2584.726780246632,4401.834421760873,4284.644279098195,8286.776846258263,8147.745090928343,1133.141012143096,1089.6677057742172,1437.6304473144073,7650.21843028538,7527.495859493444,12844.440174365085,5388.988360607427,4861.639789462545,5643.879000476775,4784.57846205318,5032.282239126055,519.5819979461877,968.011583357515,7222.56444781553,14657.931441408104,5306.239741469632,7639.4700398909845,4146.2501389984245,6937.74163493476,2250.6260181727657,1780.234814208832,11086.642602803351,4306.769361223938,4006.3152710561535,8730.75008842947,4479.000254538659,4608.020836269495,3045.978405090961,3444.2042321226018,3180.2114173463046,6047.469254933933,6979.995664153168,7402.553919431276,2723.825611267985,2170.45258961951,9934.884388015287,5244.5008461441785,10576.571105283223,10821.830625689337,7981.341677137699,2452.8334277054573,1873.6933159024013,1499.785447459378,1957.9482891823113,4708.991504160078,8407.174687752682,8358.64159001026,7009.187818860449,6339.597009417795,8640.472888434299,7551.299330798883,5833.106188681377,8842.404507171044,4859.832874391033,643.9580270028589,0.0,905.092747744721,9001.82224026623,5827.761150069217,5993.740072016219,4188.000976979434,3175.031696399923,3594.0427889937628,2280.056447085137,2148.387494797636,2329.8728987258046,3468.3070071609145,10443.385395506984,9193.632162030966,3871.648232617597,13303.89364545593,8004.03073027003,2260.43765741737,2489.9724340495386,11401.843737440902,3548.0576826434503,11104.68221985764,6219.223694366789,2198.1703549474214
2573.5595773128493,2289.371670568577,10896.987034984792,8074.622461451631,8670.953748584387,9043.286001372533,4603.562551847083,4911.681817594817,6846.043523061399,6318.940719993046,11643.2410819009,10536.985792283547,2625.1648339634817,3419.7468328919567,2905.1500448992388,4231.644020472069,4026.735638902001,7981.338324739224,7842.306569409304,808.9218821275056,775.627707798117,1123.590449338307,7970.641694937986,7203.276729477854,13164.863439017692,5083.549839088387,4556.201267943505,5964.302265129381,5105.001726705785,5352.7055037786595,840.0052625987935,1288.4348480101205,6908.5244498394295,14333.712311392514,5150.843066181465,7315.250909875394,3832.210141022324,7258.164899587366,2571.0492828253705,2100.658078861438,10762.423472787761,4151.372685935772,3850.9185957679874,9051.173353082077,4164.960256562559,4302.582314750454,3366.4016697435673,3764.627496775208,3500.6346819989108,5733.429256957833,6665.9556661770675,7722.977184083881,2418.387089748944,1856.4125916434093,10255.307652667894,4930.460848168079,10896.994369935825,11142.253890341939,7667.301679161598,2128.6142976898673,1549.4741858868108,1175.5663174437875,1643.9082912062113,5029.414768812683,8082.95555773709,8034.422459994668,6703.749297341409,6015.377879402205,8960.896153086902,7871.722595451487,6153.529453333981,8518.185377155454,4535.613744375442,888.3415878896634,719.5971116611734,0.0,8846.425564978064,5522.322628550178,5688.301550497179,4508.42424163204,3019.6350211117565,3438.6461137055967,1966.016449109037,1834.3474968215355,2015.8329007497045,3162.8684856418736,10119.166265491394,8879.592164054866,4192.071497270201,12979.67451544034,7679.81160025444,2580.8609220699764,2810.3956987021447,11077.624607425312,3234.0176846673507,11425.105484510246,6063.827019078622,2518.593619600027
6331.056267818279,7045.425519984763,12113.53888763083,14996.888590552691,12913.49052161971,13445.849005318632,8732.52077875996,9256.00149371073,2507.460180630296,2980.421080601324,15276.052211351753,16550.594402178405,7760.769022046937,11627.727024015054,11030.882759025031,5007.798176807244,5389.160400664843,6354.024686364635,6214.992931034715,8359.30274096446,8144.426029458821,7826.733287682164,15246.509815496274,10252.671078704521,19955.687549159902,5385.480669873892,5243.512076809659,10746.3220368656,12027.267855806846,12437.013088178273,9047.985453721887,9452.966993790042,8144.007943878506,17966.523440843368,3695.5824987965984,11717.813913821494,7249.968122852692,14180.43102868843,10055.788193574572,9757.82176596637,14395.234602238614,5556.017947638,4995.506969210077,15365.162102031314,6340.734254513243,5652.984384605948,10797.73533319798,10666.36697235827,10927.420451406242,7176.6076004009,6672.639490560111,11548.929330735655,7007.310201956212,7093.911145377063,17177.57378176896,7488.765739578544,16328.939402920008,16574.198923326123,8883.853531807637,8625.345157370602,8576.679210323944,8787.309906446877,8450.802132523735,13237.39495993578,10738.273184540556,10177.239866508295,5076.4356589668205,10417.940883348305,14392.841186071084,14484.206684244064,13075.795582435043,11537.961894798009,9683.909948092116,8287.352281726913,8528.4034557757,8706.859704237106,0.0,4662.8150489170885,4111.411794255985,9775.752383263887,5826.7905438663065,6464.578778612078,7456.073130505094,7652.5279073953625,7894.322483846044,6435.283733289392,14286.866409452987,10096.144016700904,11456.294554609567,16612.485644891192,9176.656962806672,10706.593636195768,10397.462233897186,12382.668956667576,6909.408432655371,18347.371613611307,3254.948037543194,10726.573810723125
3732.4667297156816,4004.248703594571,7927.4947543265625,12538.892909866907,8514.249626867135,8886.581879655281,4173.25365309661,4696.734368047381,2183.896629207971,1687.2798446791335,11071.076436654452,15192.816776857502,3503.365112791003,8377.698857144514,7838.0484723330765,2764.5818854532304,2718.3485568045357,2459.0156961890443,2319.9839408591224,4890.518195715801,4767.0394365004795,4357.948742433504,12626.472679511937,6047.6953040072185,17629.133887432967,877.2936271582275,966.1213606066742,9425.944422298002,9569.272175121061,9816.975952193934,5797.957286851351,6202.938826919509,3939.032169181205,13761.547666146065,3551.94331879948,7158.546788158143,2972.5774066497047,11722.435348002646,7035.319731240644,6614.866669501828,10190.258827541313,4235.640333070403,3675.1293546424795,13707.004337656032,2063.343538310255,1375.5936684029643,7830.67211815884,8228.89794519048,7964.905130414183,2763.9369762996084,2777.6305003845214,10228.551716168056,3075.0158422819736,3625.126600128401,14719.578101083172,2929.4986139151915,15361.2648183511,15606.524338757214,4697.809398503374,4503.327342566903,4601.654330794336,5027.088277652142,4364.574123611346,9987.366793065241,6533.297409843257,5972.264091810995,1181.426668791229,5858.673757684953,13425.166601502176,12335.993043866765,10617.799901749258,7332.98612010071,5143.589890959931,5037.324114856377,5278.375288905163,5329.473111278761,4660.073252674517,0.0,961.3448163957581,8455.37476869629,3958.83026918775,4805.104361218007,3711.1057693817615,3920.614325674368,3815.785109032467,2313.265918485693,9962.462143774143,5910.0998833966405,8656.341945685475,12407.509870193891,4971.681188109371,7513.759349503814,7324.604289342536,8196.62482336331,2632.017716452387,15889.375932925524,4106.270314538396,7476.545643852583
3898.445651662682,4170.227625541572,8739.427739945837,12704.871831813907,9249.976671986886,9622.30892477503,4908.980698216361,5432.461413167132,1720.8036561333072,1138.6183862606017,11883.009422273726,15346.136729073687,3669.3440347380033,8543.677779091513,8004.027394280077,2257.1518363124196,2210.9185076637245,3025.896208640345,2886.864453310424,5056.4971176628005,4933.018358447479,4523.927664380503,12792.451601458934,6859.628289626491,17795.112809379963,1274.0688756179065,1132.1002825536743,8918.514373157192,9735.25109706806,9982.954874140933,5963.936208798351,6368.917748866509,4750.965154800479,14573.48065176534,3003.2818603809483,7894.273833277893,3138.556328596704,11888.414269949644,7201.298653187644,6780.845591448829,11002.191813160587,3728.210283929592,3167.6993055016683,13872.983259603028,2229.322460257255,1541.5725903499647,7996.65104010584,8394.87686713748,8130.884052361183,3575.869961918882,3344.5110128358224,9721.121667027246,3240.994764228974,3791.1055220754015,14885.55702303017,3591.5296985905484,15124.481729815288,15369.741250221403,5509.742384122647,4669.306264513903,4767.633252741336,5193.067199599142,4530.553045558347,10153.34571501224,7345.23039546253,6784.197077430268,1748.3071812425305,6594.400802804703,13188.383512966364,12501.971965813764,10783.778823696257,8144.919105719983,5572.498153836126,5203.303036803377,5444.354210852163,5495.452033225761,4111.411794255984,961.3448163957584,0.0,7947.944719555478,3906.497610178909,4636.771114903669,3877.084691328762,4086.5932476213684,3981.7640309794674,2479.2448404326933,10698.189188893892,6722.032869015914,8822.320867632474,13219.442855813166,5783.614173728644,7679.738271450814,7490.583211289536,9008.557808982585,2797.996638399387,16055.354854872521,3557.6088561198635,7642.524565799584
5576.028538741843,5316.852515359259,14485.31762559662,5598.136014109521,12765.898071230873,13138.230324019021,8698.506874493572,9006.626140241307,8041.081390535168,7513.978587466815,15738.185404547386,8414.10133639866,6213.495424575315,3516.8874491159177,2761.6121441812916,5741.250560273232,6194.528970816225,10458.677650606764,10319.645895276848,4762.965431835021,4456.879811057506,4804.842552597696,5847.7572390531,11298.221052124338,10688.37699167558,8077.756947861606,7554.91349857213,1455.8780234973415,2628.515279363675,3038.2605117351018,3793.8494476659166,3372.5843109269335,10496.855040451263,18428.656634039005,6080.1698844672865,11410.195232521883,7420.540731634158,4781.678452245255,2337.240019501991,2655.6450940699046,14857.367795434247,4320.102562323309,4780.245414053808,6928.288897197191,7753.290847174398,7498.011697504484,1797.6786649589728,1485.2103123159582,1870.050417589012,9321.75984756967,10254.286256788902,3214.552942451842,5879.998521233685,5409.981747641234,7778.821205325782,8533.444246881412,8432.391539862692,8677.651060268805,11255.632269773427,6005.223851980014,5446.05598230103,5270.769270260919,5325.1603944656,5041.307210574296,12177.89988038357,12129.366782641155,9181.08862320895,10110.322202048694,6496.293323013769,5395.236148109377,3677.043005991871,12613.129699801932,8630.55806702193,3881.632764957752,4116.847221116446,4837.462433705483,9775.752383263887,8292.24181328514,7784.811764144328,0.0,5071.76281478987,4921.699199414426,5554.347039720872,5422.67808743337,5697.0850040090945,6358.297868395904,14214.110588137883,12467.922754666693,2057.541978166399,17074.61883808683,11468.150356990036,3013.723269978292,2708.436740005084,14754.447694633365,6822.348275279188,8948.619037168133,6993.1538373644435,3679.9960664201644
504.26572395197513,1218.6349761184592,10094.057556233753,9732.570828334527,9757.612084347642,10129.94433713579,5690.22088761034,5998.340153358074,4073.4723739862256,3546.369570917873,12729.899417664155,12386.49469532512,2538.1912491841395,5800.93648014875,5204.092215158731,1699.8034508966628,1879.3325824454037,6417.230541230196,6278.198785900276,2595.020906143682,2317.63548559252,2079.381873495713,9820.150597979555,7951.511120642961,14822.81180590059,3553.076266633622,3025.7276954887375,6042.332468391583,6762.950093588683,7010.653870661557,3221.1949098555865,3626.1764499237415,6105.594971088394,15420.370647155769,2131.2080450697085,8401.909245638652,3399.427219780532,8916.113266470265,4228.997649708268,3931.031222100065,11849.081808551016,1131.7376648240138,831.2835746562299,10900.68225612365,3240.0861523169324,2772.108742295687,5024.350036626466,5422.575863658105,5158.583048881809,4930.499778206798,5863.026187426032,6844.93976226164,1327.7266233152764,1355.2618993716915,11913.256019550792,4364.424987471322,12554.942736818723,12800.202257224837,6864.372200410563,3159.05803827472,2852.2219748168773,3026.6626635072803,2726.3448970166683,7410.604416069478,8699.860211750445,8138.826893718184,5139.641513832381,7102.036215165461,10618.8445199698,9529.670962334385,7811.477820216879,9499.548922007898,5622.272080138699,2460.561737860611,2701.6129119093985,2880.0691603708033,5826.790543866306,3991.8490560954124,3743.3646547677586,5071.76281478987,0.0,1346.6009652490256,1731.6158949980265,1913.8786613899915,2169.8652483389774,1632.3949131871063,11205.824601254651,8076.66268530383,5850.0198641531,14066.332851203595,7138.24399001656,4879.803092329468,4570.671690030883,10363.1876252705,2452.9350537009655,13083.053851393144,3044.191997966865,4899.78326685682
983.0961885227848,1252.4858226804577,10594.734868589214,9573.577918556603,10236.44254891845,10608.774801706599,6169.05135218115,6477.170617928884,4806.168031894894,4279.06522882654,13208.729882234964,12227.501785547196,3017.0217137549494,5866.605753388614,5045.099305380808,2506.3372016329586,2721.0910974893995,7182.09191522142,7043.0601598915,3054.171883386286,2776.786462835124,2538.532850738318,9661.15768820163,8430.34158521377,14663.818896122666,4284.303429570584,3756.9548584257,5968.529099027674,6603.9571838107595,6851.660960883634,3680.345887098191,3912.26638358637,6606.272283443854,15899.201111726577,2845.2565258270147,8880.73971020946,3878.257684351342,8757.120356692341,4070.0047399303444,3772.038312322142,12327.912273121825,1085.1892036830368,1545.3320554135362,10741.689346345725,3862.7080901669838,3503.3359052326496,4865.357126848542,5263.582953880181,4999.590139103885,5431.177090562257,6363.703499781492,6771.136392897731,1806.5570878860865,1820.1923619091967,11754.263109772868,4843.25545204213,12395.949827040797,12641.209347446911,7365.049512766022,3637.88850284553,3331.0524393876876,3485.8136407498846,3205.1753615874786,7665.722157349066,9200.537524105905,8639.504206073643,5904.502887823605,7580.866679736271,10459.851610191872,9370.67805255646,7652.484910438956,10000.226234363357,6101.102544709509,2919.7127151032155,3160.763889152003,3339.220137613407,6540.839024623611,4723.076219032374,4549.898405504054,4997.959445425961,1182.6485067075885,0.0,2210.446359568836,2392.7091259608014,2648.6957129097873,2363.6220761240693,11684.65506582546,8577.339997659288,5691.0269543751765,14545.163315774404,7638.921302372019,4720.810182551545,4411.67878025296,10863.86493762596,2931.7655182717754,12924.06094161522,3758.2404787241717,5218.6647854672665
1093.439663952697,1017.2713817155485,8930.970585875746,9038.538043096836,8145.511839052434,8517.84409184058,4078.1206423151316,4386.239908062865,5305.522188832246,4778.419385763892,11117.799172368948,11692.461910087432,1018.4282193059925,4827.40584814933,4287.755463337891,2691.1226862429176,2464.6305666573617,6072.662624856872,6083.0472795157275,1331.9968074832825,1216.6153889188106,799.4273542009853,9126.117812741866,6677.8348199459015,14128.7790206629,3324.2905491948113,2796.9419780499275,6928.217846774588,6068.917308350993,6316.621085423868,2247.6642778561677,2652.6458179243223,4942.508000730388,13808.270401860564,3670.7231528213124,6789.809000343442,2214.4934016378807,8222.080481232573,3534.964864470579,3064.5736605066454,10236.98156325581,2671.2527725756186,2370.7986824078343,10206.64947088596,2198.943807453521,2543.3230248568766,4330.317251388777,4728.543078420415,4464.55026364412,3767.412807848791,4699.939217068026,8384.454870013242,781.6315616225714,439.41740144429247,11219.223234313102,3179.491169328671,11860.909951581032,12106.169471987147,5701.2852300525565,1540.7578865471687,1233.9218230893266,1482.1849472880667,1108.0447452891162,6437.0737840700585,7536.77324139244,6975.739923360177,4944.490007447833,5489.935969870252,9924.81173473211,8835.638177096695,7117.44503497919,7992.743467623502,4010.1718348434897,1487.0311058611928,1728.08227990998,1779.0490636970935,7366.30565161791,3763.0633386566024,3929.042260603602,5472.339823277247,1539.5151077516039,2105.285092646462,0.0,209.5085562926065,551.5650966114254,1526.1129575155,9593.72435595944,6913.575714945823,5155.98707891541,12454.23260590839,5975.1570196585535,3963.4663405086285,3774.311280347352,9200.100654912494,1268.001235558314,12389.021066155454,4583.707105718469,3926.252634857401
1411.9630049522207,1335.7947227150728,9248.962493470104,9082.85208791179,8086.917776277359,8459.250029065504,4019.5265795400564,4327.64584528779,5624.045529831769,5096.9427267634155,11059.205109593873,11736.775954902385,995.6699068259314,4871.719892964284,4332.069508152844,3009.646027242441,2783.1539076568856,6390.654532451232,6401.039187110087,1327.7118924426388,1260.9294337337628,843.7413990159373,9170.43185755682,6619.240757170826,14173.093065477853,3642.2824567891703,3114.9338856442864,6972.5318915895405,6113.2313531659465,6360.935130238821,2291.97832267112,2696.9598627392747,5260.499908324746,13749.676339085489,3989.246493820836,6731.214937568367,2202.715213884774,8266.394526047527,3579.2789092855314,3108.887705321598,10178.387500480734,2989.7761135751425,2689.322023407358,10250.963515700914,2516.93571504788,2861.3149324512356,4374.631296203729,4772.857123235368,4508.864308459072,4085.404715443149,5017.931124662384,8702.978211012765,1100.1549026220953,757.9407424438164,11263.537279128055,3315.618729132025,11905.223996395986,12150.4835168021,6019.2771376469145,1422.4318127255347,1036.204043022328,1272.6763909954602,910.3269652221177,6481.387828885012,7498.919585430062,7124.919028223168,5262.481915042193,5431.341907095177,9969.125779547063,8879.952221911648,7161.759079794143,7934.1494048484265,3951.5777720684146,1531.345150676145,1772.3963247249321,1823.3631085120455,7684.828992617434,4081.0552462509613,4247.034168197961,5516.653868092199,1858.0384487511276,2423.808433645986,318.5233409995238,0.0,492.97103383635016,1844.6362985150242,9535.130293184366,7231.567622540181,5200.3011237303635,12395.638543133315,6250.324839240647,4007.780385323581,3818.6253251623043,9518.092562506852,1585.9931431526722,12433.335110970407,4902.230446717993,3970.5666796723535
1736.108733501496,1674.5462713177074,9048.548526725335,9522.93019733384,7593.9467424410095,7966.278995229155,3526.5555457037067,3834.6748114514407,5613.6485851831,5086.545782114747,10566.234075757524,12176.854064324434,733.2077690669591,5311.798002386336,4772.147617574895,3244.1891883166745,2716.8868124853734,6190.240565706463,6200.6252203653185,1567.752403316384,1669.7884561040214,1283.8195084379893,9610.509966978869,6126.269723334477,14613.171174899904,3441.8684900444023,2914.5199188995184,7412.610001011592,6553.309462587998,6801.013239660872,2732.056432093172,3137.037972161327,5060.085941579977,13256.705305249137,4296.581228787748,6238.243903732017,1940.2530761258022,8706.47263546958,4019.3570187075834,3548.96581474365,9685.416466644385,3313.9218421244186,2996.656758374271,10691.041625122964,2316.521748303112,2660.9009657064676,4814.709405625781,5212.935232657421,4948.942417881124,3884.990748698381,4817.517157917616,9027.123939562043,1051.4060631520701,1096.6922910464511,11703.615388550106,3053.156591373053,12345.302105818035,12590.56162622415,5818.863170902146,1016.2983607029081,1085.4452579137542,1510.8792047715613,868.1107883069334,6921.465938307063,7005.948551593713,6862.456890464198,5062.067948297424,4938.3708732588275,10409.20388896911,9320.030331333699,7601.837189216194,7441.178371012077,3458.606738232065,1971.4232600981968,2212.474434146984,2229.899032887356,7871.6284171843,3880.6412795061933,4046.6202014531927,5956.731977514251,2182.1841773004035,2750.0826950417068,663.5830141989744,657.5344560783248,0.0,1778.369203343512,9042.159259348018,7031.153655795412,5640.379233152415,11902.667509296964,5987.862701481676,4447.858494745632,4258.703434584356,9317.678595762083,1385.5791764079047,12873.413220392458,5209.565181684905,4410.6447890944055
1419.2008112299884,1690.982785108877,8461.662643046642,10225.626991381214,8672.168905900231,9044.50115868838,4491.314785065388,4912.896974910663,3995.664937440157,3468.562134371804,11605.244325374531,12879.550858371806,1735.3141401709183,6064.432938658821,5524.782553847379,1736.3622530476948,1098.9031647424297,4818.469839097349,4679.438083767428,2577.2522772301068,2453.773518014787,2044.6828239478098,10313.20676102624,6581.863192727296,15315.867968947274,1920.6813534465145,1393.3327823016307,7328.867521997615,7256.006256635366,7503.710033708241,3484.691368365657,3889.672908433812,4473.200057901284,14295.715554866145,2814.18336131142,7316.46606719124,2234.8823732173314,9409.169429516951,4722.053812754952,4301.6007510161335,10724.426716261392,2241.1186648853495,1782.7547579760333,11393.738419170335,1607.6912391298247,1139.71382910858,5517.406199673148,5915.632026704787,5651.639211928491,3298.104865019687,4230.631274238923,8131.474815867672,761.7499237962801,1311.8606816427073,12406.312182597476,3148.5509730484096,13047.998899865406,13293.25842027152,5231.977287223453,2599.8902754945843,2698.217263722014,3005.259442712523,2461.137056539028,7674.100874579548,7067.465298563336,6506.431980531073,3540.8808116995333,6016.59303671805,11111.900683016484,10022.72712538107,8304.533983263564,7867.1540088207885,4687.996975939475,2724.058196370682,2965.109370419469,3016.20719279307,6253.644769441356,2359.454142908305,2525.4330648553046,6358.297868395903,1645.5643507020563,2491.8384427323144,1582.81821554965,1784.7907868157326,1901.7215997367746,0.0,10120.38142280724,6444.267772116719,6343.076027199783,12941.677758913971,5505.84907682945,5200.493431018116,5011.338370856841,8730.792712083388,1177.1873630102523,13576.110014439828,3727.167314208577,5163.2797253668905
10652.682284548253,10673.649635105654,7936.418595215602,17808.69958887423,1983.1015314177462,1075.8802641188647,5817.488313644887,5355.788083234112,11809.976444544434,11313.359660015594,1942.902216763751,20462.62345586481,8716.045648639616,13231.241214680389,12866.558107935158,11598.163184940266,10960.704096635,8345.797354135591,8998.734203318885,9647.82799902711,9805.4587405611,9891.636784928038,17896.27935851926,4597.6512944563,22898.940566440288,9434.97460494093,9658.105936977303,15698.379392551986,14839.078854128386,15086.782631201258,10801.41332563471,11249.842911046037,6142.85846557448,4551.76864838073,12746.981125383898,2803.915355616003,7923.839832421175,16992.242027009972,12305.12641024797,11834.735206284038,1255.2956095751683,12207.632229101408,11749.26832219209,18976.811016663345,8667.088206031583,9548.718432707485,13100.478797166164,13498.704624197804,13234.711809421507,7317.9536584560765,7750.61522368392,17457.054311506487,9967.979614198826,10095.795654834401,19989.384780090495,7117.513781968286,20631.07149735843,20876.331017764536,5883.154558512328,8218.399743813094,8954.87234027437,8964.58208418508,8905.766735635989,14840.909150601115,3548.593224912427,4109.62654294469,9367.265034819255,4217.774929774494,18694.973280509505,17605.799722874093,15887.606580756583,2748.904514654974,7296.468117464205,10386.4370751852,10498.243825687374,10140.140263640367,14286.153068010983,10161.660185440081,10709.043480558836,14242.501369054644,11098.757728347162,11725.319916050576,9656.378253390109,9648.070585904505,9035.351103085393,10275.822080531007,0.0,6836.019310090136,13926.1486246928,3197.7308524285572,5110.209446646314,12542.268985105895,12544.472826124746,6336.6213820247885,9205.421477145028,21159.182611932843,13567.92523223618,12330.08800138846
7417.265292952665,7689.047266831553,2907.1312477133233,15913.8934708727,5405.9255413656765,5925.21324901682,4534.729884832799,4375.307395695779,7638.185693185388,7141.56890865655,7606.196409299404,18567.817337863286,6391.594959605284,11702.761275925195,11163.11089111375,7714.592000917311,7140.678302638287,4008.828817510069,4661.7656666933635,8207.352235259144,8091.970816694671,7674.782781976847,16001.47324051773,2839.7768241242675,21004.134448438755,5451.876471292054,5767.754141693424,13803.573274550454,12944.272736126853,13191.976513199726,9123.019705632028,9528.001245700183,1971.0677142154345,10296.667638791017,8856.629330100024,4561.183254090786,5395.705563600973,15097.435909008438,10410.320292246439,9939.929088282506,6725.37880018626,8721.581172979255,8263.21726606994,17082.00489866182,4962.557199471927,5707.768785125874,11205.672679164632,11603.898506196272,11339.905691419975,3146.162907097032,3578.8244723248795,14611.937323961576,6732.562622603239,7181.471632661296,18094.578662088963,4313.522713247208,18736.265379356886,18981.524899762993,1212.290484893267,7149.36831479044,7765.903989188434,7895.550655162427,7528.823782005444,13312.429211845922,3068.4173824882037,2507.3840644559414,5140.701697771529,3966.4240075087255,16800.167162507965,15710.993604872558,13992.80046275505,3868.106092745657,6227.436688441552,8362.386533637055,8603.437707685842,8654.404491472955,10114.362316651937,6175.289705116567,6680.355889109541,12347.695251053112,7863.34073675157,8489.90292445499,6875.355427775863,7084.86398406847,6980.034767426565,6480.462508093906,6617.010607400633,0.0,12031.342506691268,8942.629842838844,1540.003401164555,10838.821768284488,10649.666708123214,3395.2828644737415,5645.873182584327,19264.37649393131,9560.559378515809,10801.608062633266
5603.539520802803,5120.347634368183,14251.121969939893,3900.2939403059013,12531.702415574144,12904.034668362292,8464.311218836845,8772.430484584578,9721.623561880857,9194.520758812505,15503.989748890657,6713.10136877023,5979.299768918587,1937.4511944465607,1435.4025191543572,7276.417689962659,7244.312308072822,11246.444875232883,11107.413119902967,4528.769776178293,4222.684155400778,4570.646896940968,4146.757271424669,11064.025396467609,8990.53491787196,8348.656389582049,7821.307818437168,3513.420001663741,930.673205560057,1337.2605441066694,3479.7197176359446,3058.4545808969615,10262.659384794537,18194.460978382274,7760.712055812976,11175.999576865153,7186.34507597743,3083.836378441638,1649.4292382844947,2278.799294787899,14623.172139777518,6000.644733668999,6460.787585399498,5227.28892956876,7519.095191517669,7567.688865244118,854.4987869233938,1066.918485240737,720.2657746680505,9087.564191912945,10020.090601132175,5249.567854893422,5683.493640242609,5197.305225448645,6080.979131522163,8299.248591224683,6734.549466059079,6979.808986465192,11021.436614116701,5771.0281963232865,5211.860326644302,5036.573614604191,5090.964738808872,2983.7652324078967,11943.70422472684,11895.171126984425,9968.85584783507,9876.126546391964,4798.451249210154,3697.394074305761,1979.2009321882533,12378.934044145202,8396.362411365202,3647.4371093010236,3829.3497684263625,4603.2667780487545,11456.294554609574,8787.42917904384,8953.40810099084,2057.5419781663995,6008.723230373365,5920.212383809081,5320.151384064144,5188.4824317766415,5462.889348352365,6427.975036135537,13979.914932481153,12233.727099009968,0.0,16840.4231824301,11233.954701333307,1759.69164198362,1517.5268503648927,14520.25203897664,6588.1526196224595,7250.776963364515,8673.696008710132,2425.9644384254916
13507.380477987783,13528.347828545184,10262.037830653817,20663.39778231376,4308.720766855959,4273.611116547422,8664.496418393643,8210.486276673644,14135.595679982649,13638.978895453809,1336.4334335394403,23317.32164930433,11570.743842079146,16085.93940811992,15721.256301374688,14212.00198771456,13638.088289435527,10671.416589573806,11324.353438757102,12502.526192466641,12660.156934000632,12746.334978367568,20750.97755195878,6983.158907642693,25753.638759879817,11949.286458089307,12265.164128490675,18553.07758599151,17693.777047567917,17941.480824640792,13656.111519074242,14104.541104485568,8468.47770101269,1354.037795952174,15354.03931689727,5680.714412078785,10778.538025860706,19846.940220449498,15159.824603687503,14689.43339972357,2217.2510426525837,15062.330422540937,14603.96651563162,21831.509210102864,11459.967186269178,12205.178771923123,15955.176990605696,16353.402817637336,16089.41000286104,9643.572893894283,10076.234459122137,20311.752504946002,12822.677807638356,12950.49384827393,22844.082973530025,9964.52188671704,23485.769690797966,23731.029211204073,8208.773793950539,11073.097937252625,11809.570533713902,11819.280277624612,11760.464929075519,17695.607344040647,5874.21246035064,6435.245778382902,11692.884270257466,6964.296636038141,21549.67147394904,20460.497916313627,18742.304774196113,5074.523750093187,10151.166310903738,13241.13526862473,13352.942019126906,12994.838457079899,16611.772303449194,12672.69969191382,13177.765875906794,17097.19956249417,13953.455921786692,14580.018109490105,12511.076446829638,12502.768779344035,11890.049296524923,12977.872494891148,3197.730852428557,9161.638545528349,16780.846818132337,0.0,7435.828682084526,15396.967178545425,15399.171019564277,8662.240617463,12060.119670584558,24013.880805372373,16057.969365313069,15184.786194827991
6478.846597665394,6750.628571544283,3924.8191588825016,14975.47477558543,3899.1243806113584,4418.412088262501,3155.9132816942147,2996.4907925571947,6699.7669978981185,6203.15021336928,6099.395248545086,17629.398642576016,5365.4370681793,10764.342580637924,10224.69219582648,6776.173305630044,6202.2596073510185,3235.5879074892814,3888.524756672576,7112.63798242145,7153.552121407401,6736.364086689577,15063.054545230456,1317.015984630647,20065.715753151486,4513.457776004788,4829.335446406156,12865.154579263184,12005.854040839582,12253.557817912455,8184.601010344756,8589.582550412912,1032.6490189281662,8789.8664780367,7918.210634812758,3038.422414597165,4221.79749722387,14159.017213721167,9471.901596959167,9001.510392995235,5218.577639431943,7783.162477691987,7324.798570782672,16143.58620337455,4024.1385041846574,4769.350089838606,10267.253983877361,10665.479810909,10401.486996132704,2207.744211809764,2640.405777037611,13673.51862867431,5794.1439273159685,6243.0529373740255,17156.159966801693,2934.706110108624,17797.846684069616,18043.106204475724,772.9451118660135,5770.551711651855,6403.922335189438,6516.734052023841,6327.280169594974,12374.01051655865,1561.6162217338863,1000.5829037016242,4257.05558817294,2426.4206063441707,15861.748467220696,14772.574909585286,13054.38176746778,2361.3049319913393,4848.620085302967,7423.967838349782,7665.0190123985685,7692.292231479128,9175.943621364664,5236.871009829298,5741.937193822271,11409.27655576584,6924.9220414643005,7551.484229167721,5936.9367324885925,6146.445288781199,6041.616072139294,5542.043812806637,5110.209446646314,1907.424287952579,11092.923811403996,7435.828682084526,0.0,9900.403072997216,9711.248012835942,3515.2005865759643,4707.454487297056,18325.95779864404,8622.140683228543,9863.189367345994
4499.495829907011,4097.805578907766,13018.182464947722,5509.831959723672,11107.905702859794,11480.237955647943,7040.514506122494,7348.633771870228,8786.773501656195,8259.670698587845,14080.193036176308,7956.124870213571,4746.36026392642,1196.0366959088544,324.28912282926274,6172.373999066867,6055.183856404193,10057.316423564256,9918.28466823434,3245.8738364029164,2989.744650408608,3337.707391948798,5389.780772868011,9640.22868375326,10600.072937289731,7159.527937913421,6632.179366768539,4473.4461658010105,2540.211224977826,2787.9150020507,1749.08034683855,1310.8205225843049,9029.719879802366,16770.664265667925,7076.779318775624,9752.202864150804,5953.405570985263,4693.374397859407,680.3281228016774,1103.5077414403215,13199.375427063169,5982.859532031704,5776.854848362146,6470.312431012101,6286.1556865255,6378.560413575488,1256.265829301432,1877.5758705201126,1249.2541799708476,7854.624686920774,8787.151096140009,6232.121084755511,4494.36518857398,3964.365720456475,7690.517150939933,7066.309086232516,8332.203868207871,8577.463388613982,9788.49710912453,4538.088691331116,3978.9208216521306,3612.518271719198,3858.0252338167015,2995.153099869307,10519.90751201249,10471.374414270076,8779.727396166443,8452.329833677615,6396.1056513589465,5306.932093723528,3588.738951606022,10955.137331430853,6972.565698650853,2414.4976043088536,2346.5684824352743,3017.8255720045418,10772.361817572224,7598.300727375211,7764.279649322212,3017.568142303669,4945.571273705917,4897.670328348666,4087.211879071974,3955.5429267844734,4229.949843360196,5238.846584466908,12556.118219766804,11000.787594017796,1713.7696729679676,15416.62646971575,10001.015196341135,0.0,383.77127241907294,13287.312533984468,5355.21311463029,8860.314982782285,7989.763271672781,829.0219120858037
4271.866063043803,3788.6741766091814,12919.44851218089,5898.277399427609,11200.028957815144,11572.361210603292,7132.637761077843,7440.757026825577,8559.143734792986,8032.040931724635,14172.316291131658,8502.651780008799,4647.626311159589,1692.3224806322953,870.8160326244883,5944.744232203659,5912.6388503138205,9914.771417473885,9775.73966214397,3197.0963184192915,2891.010697641776,3238.973439181966,5936.307682663238,9732.351938708609,10988.518376993668,7016.982931823049,6489.634360678167,4164.314763502426,2928.656664681763,3176.3604417546367,2075.4405847526623,1654.1754480136794,8930.985927035534,16862.787520623275,6808.257817684072,9844.326119106154,5854.671618218432,5081.819837563344,371.19672050309333,862.4986900025771,13291.498682018519,5673.728129733118,5508.333347270594,7016.839340807328,6187.421733758668,6236.015407485116,1382.9996121801257,1781.225439211766,1493.8148496740832,7755.8907341539425,8688.417143373177,5922.989682456927,4351.820182483608,3865.6317676896433,8078.9625906438705,6967.575133465685,8720.649307911806,8965.90882831792,9689.763156357698,4439.354738564284,3880.1868688852987,3704.900156845188,3759.2912810498697,3491.4388845927474,10612.03076696784,10563.497669225426,8637.182390076072,8544.453088632965,6784.551091062884,5695.377533427465,3977.1843913099588,11047.260586386203,7064.688953606202,2315.7636515420218,2425.0706355430807,3271.5933202897527,10503.840316480671,7455.75572128484,7621.734643231841,2708.4367400050846,4677.049772614364,4588.538926050081,3988.4779263051423,3856.8089740176415,4131.215890593364,5096.301578376536,12648.241474722154,10902.053641250965,2015.7264352461782,15508.7497246711,9902.281243574305,546.5269097952257,0.0,13188.578581217636,5256.479161863458,9248.760422486223,7721.241770581229,1296.8888184113237
9703.790232919335,9975.572206798219,1971.4365539245027,18200.41841083937,5183.096703340393,5660.172617885761,6507.896748905767,6227.531557473555,9924.71063315206,9428.09384862322,7325.807183923562,20854.342277829946,8678.119899571957,13989.286215891867,13449.635831080423,10001.116940883983,9427.203242604954,6295.353757476735,6948.290606660032,10477.804759298471,10378.495756661345,9961.307721943518,18287.998180484396,4340.271045428087,23290.659388405427,7738.401411258726,8054.279081660095,16090.098214517126,15230.797676093525,15478.501453166398,11409.5446455987,11814.526185666855,4257.592654182105,10016.278413415175,11143.154270066692,5169.745427882171,7586.964274100887,17383.960848975108,12696.84523221311,12226.454028249178,6444.989574810418,11008.106112945923,10549.742206036606,19368.52983862848,7249.0821394385985,7994.293725092545,13492.197619131304,13890.423446162944,13626.430631386647,5432.687847063702,5865.349412291545,16898.462263928246,9019.087562569908,9467.996572627964,20381.103602055635,6299.872886985642,21022.790319323565,21268.049839729672,3498.815424859937,9090.14321805254,9769.089112066458,9836.325558424527,9692.446946471997,15598.954151812593,3980.0035684504173,3957.980856379417,7427.226637738201,5535.518311534551,19086.692102474644,17997.518544839233,16279.325402721723,3730.1396780122345,8168.211591703648,10648.911473603726,10889.962647652514,10940.929431439628,12400.88725661861,8461.814645083234,8966.880829076206,14634.220191019784,10149.865676718244,10776.427864421657,9161.880367742533,9371.388924035136,9266.559707393239,8766.987448060574,6336.62138202479,3395.282864473742,14317.86744665794,8662.240617463001,3365.166776877019,13125.34670825116,12936.191648089885,0.0,7932.398122550999,21550.901433897983,11847.08431848248,13088.133002599938
1771.3921103683354,2043.1740842472238,7662.969350317431,10268.020288288375,7722.219480440592,8094.551733228737,3580.0303811124354,3962.947549451022,4551.674954229771,3969.489684357066,10694.506813757105,12921.94415527897,892.4797544093358,6056.888093340865,5517.237708529424,2539.7216857325657,1902.2625974273008,4804.661389298561,4984.876317008587,2561.4790526748166,2446.0976341103456,2028.9095993925196,10355.600057933405,5783.169899998089,15358.261265854439,2226.1195866876737,1698.7710155427894,8157.700091966122,7298.399553542529,7546.103330615404,3477.146523047702,3882.128063115857,3674.5067651720756,13384.978043248719,3699.2284308270278,6366.5166417315995,1272.268801404667,9451.562726424114,4764.447109662115,4294.055905698178,9813.689204643966,3326.3420549214925,2867.978148012176,11436.1317160775,930.9425718952078,1445.1520623497388,5559.799496580311,5958.02532361195,5694.032508835654,2499.411572290479,3431.9379815097145,9062.407316428882,1086.6894400189094,1535.5984500769666,12448.70547950464,2237.2665690954577,13090.39219677257,13335.651717178684,4433.2839944942425,2021.7038183766754,2120.0308066041066,2545.464753461913,1882.950599421118,7666.556029261594,6268.772005834127,5707.738687801865,3846.319044940692,5066.64361125841,11154.293979923645,10065.120422288233,8346.927280170727,7068.46071609158,3828.1045569201738,2716.5133510527266,2957.564525101514,3008.5313088886287,6942.28309235245,2664.892376149464,2830.8712980964633,6701.822068468781,2217.4675541672427,2844.029741870661,1229.482245191534,1438.9908014841403,1334.1615848422384,1242.046802882921,9170.4319973476,5645.574479387509,6385.469324106946,12030.940247296545,4707.155784100241,5192.948585700161,5003.793525538886,7932.099419354178,0.0,13618.503311346993,4612.212383724185,5155.734880048935
12904.362720048584,12421.170833613964,21551.94516918567,3426.9341431550474,19832.525614819926,20204.857867608072,15765.134418082625,16073.25368383036,16539.683342816134,16012.58053974778,22804.81294813645,8488.064763410817,13280.122968164365,9074.6847224685,8572.6360471763,14363.7777332031,14545.135507318597,18547.268074478656,18408.23631914874,11829.59297542407,11523.507354646556,11871.470096186746,7418.064395235177,18364.848595713403,1739.757954507446,15649.479588827833,15122.131017682947,10455.405003247928,6371.011700386914,6351.067657369655,10646.00551684411,10207.745692589868,17563.482584040314,25495.284177628073,14702.697057397156,18476.822776110934,14487.16827522321,5152.871575394603,8950.25243753027,9579.622494033672,21923.995339023306,12942.629735253182,13402.77258698368,7661.1535091803,14819.918390763432,14868.512064489896,8156.183692870363,8303.576349343506,8021.95068061502,16388.387391158707,17320.913800377934,12191.552856477612,12984.31683948839,12498.12842469442,1169.7978318423513,15600.07179047046,8158.102009844799,8403.36153025091,18322.259813362485,13071.851395569067,12512.683525890081,12337.396813849973,12391.787938054651,10120.99876042984,19244.52742397264,19195.994326230222,17269.67904708085,17176.949745637747,6330.311547303497,6584.824692233438,5293.455695350943,19679.757243391006,15697.185610610986,10948.260308546802,11130.17296767214,11904.089977294534,18398.279556193753,16088.25237828962,16254.23130023662,8999.526979750586,13309.546429619142,13221.035583054863,12620.974583309919,12489.305631022418,12763.712547598147,13728.798235381319,21280.738131726943,19534.550298255752,7301.68490594697,24141.246381675897,18534.77790057909,8896.925170005563,8818.350049610666,21821.075238222413,13888.97581886823,0.0,15615.68101029431,9563.197966447435
3548.457721918841,4262.826974085326,11665.613899312819,12214.290044653255,12107.76174077085,12480.093993558998,7893.7619054110855,8348.489809781284,2322.406280018339,2474.458787733629,14828.127223033738,14188.601360183673,5339.514473284787,8845.128478115612,8248.284213125598,2322.458203058334,2775.7366136013275,5906.099698046621,5767.067942716701,5576.704195065017,5361.827483559383,5044.13474178272,12463.911269596838,9804.746090386507,17304.531022219315,4567.2811758586,4044.437726569123,7963.723490966156,9244.66930990741,9654.414542278837,6265.38690782245,6670.368447890608,7696.082955560491,17518.598452525355,912.9839528971567,10752.058902061859,5637.329493563032,11397.832482788994,7273.189647675134,6975.22322006693,13947.309613920599,2773.419401738559,2212.908423310635,13003.16906003658,4986.760474338317,4172.56567716287,8015.136787298533,7883.768426458824,8144.821905506797,6585.31454645237,6224.714502242096,8766.330784836213,4224.711656056776,4311.312599477619,14394.97523586952,6550.99809339411,13966.946360925274,14212.205881331389,8435.928543489626,6100.9167278823425,5794.080664424502,6004.711360547432,5668.203586624291,10454.796414036338,10290.348196222541,9729.31487819028,4628.510670648806,9452.18587158867,12030.84814407635,12011.390178653113,10293.197036535606,11090.036906479994,8303.309494552357,5504.753735827476,5745.804909876262,5924.261158337665,3254.9480375431945,4109.012110780966,3557.6088561198653,6993.1538373644435,3044.1919979668655,3681.9802327126345,4673.474584605651,4869.929361495919,5111.723937946601,3727.167314208578,13555.974257677859,9648.219028382893,8673.69600871013,16164.56065657318,8728.731974488657,7923.995090296335,7614.863687997749,11934.743968349565,4579.63448335595,15564.773067711872,0.0,7943.975264823683
4475.252688116168,4191.064781371897,12993.93932315688,6252.358017702204,10840.017851290857,11212.350104079007,6772.626654553557,7080.745920301291,8762.530359865352,8235.427556797002,13812.30518460737,8698.6509281921,4722.117122135577,901.1532132919302,1066.815180807793,6148.1308572760245,6030.940714613349,10033.073281773413,9894.041526443498,2977.9859848339797,2934.512678465101,3282.475420005291,6132.306830846541,9372.340832184325,11342.598995268263,7135.284796122577,6607.936224977695,5252.348575736276,3282.7372829563574,3530.4410600292313,1914.3826560348214,1585.6875975293196,9005.476738011523,16502.776414098986,7052.536176984781,9484.315012581868,5929.16242919442,5435.900455837938,1466.2363603486074,1688.5171540288768,12931.487575494231,6053.065796739086,5752.611706571303,7212.838488990631,6261.912544734656,6354.317271784645,1998.7918872799628,2620.1019284986432,1991.7802379493785,7830.381545129931,8762.907954349164,7011.023494690776,4470.122046783136,3940.122578665632,8433.043208918465,7042.065944441673,9074.729926186401,9319.989446592515,9764.253967333687,4297.678400396342,3718.538288593285,3344.630420150261,3802.7932618731948,2510.8211492126566,10252.019660443557,10203.486562701142,8755.4842543756,8184.4419821086785,7138.631709337478,6049.45815170206,4331.265009584554,10687.24947986192,6704.677847081916,2390.2544625180103,2145.470282523719,2749.937720435605,10748.11867578138,7574.057585584368,7740.036507531369,3796.4705522389345,4921.328131915074,5340.339224508915,4062.968737281131,3931.29978499363,4174.7178714166885,5214.603442676064,12288.230368197868,10976.544452226954,2456.2957309464987,15148.73861814681,9848.875702960913,792.0570904133946,1175.8283628324675,13246.68871013179,5330.969972839446,9602.841040760817,7965.520129881938,0.0
