0,1,2,3,4,5,6,7,8,9,10,11,12,13,14,15,16,17,18,19,20,21,22,23,24,25,26,27,28,29,30,31,32,33,34,35,36,37,38,39,40,41,42,43,44,45,46,47,48,49,50,51,52,53,54,55,56,57,58,59,60,61,62,63,64,65,66,67,68,69,70,71,72,73,74,75,76,77,78,79,80,81,82,83,84,85,86,87,88,89,90,91,92,93,94,95,96,97
0,57.89621128085585,703.8732506181818,692.8912687,661.8514373291594,687.6624655845617,365.3843310818767,387.60715589648925,338.46034689366456,294.4683361758984,880.6533873333891,855.4634982681295,157.09931317585975,389.99255067136505,354.05530152314054,153.36923576775214,141.5903731525044,472.29789366728943,453.56680262817133,155.1531267369876,135.4103380174696,116.19759276006974,710.3608746109627,563.2417652,1079.5286370309868,255.73967318109914,211.6634577460747,515.7399136057987,474.9797480463311,491.4400327796347,201.26666934415576,234.2779858873408,411.9558226677777,984.9900220129105,191.47112512795312,561.0978231068817,221.88313934552718,635.3902290263352,295.0125099249436,277.52438567152626,815.8128827456396,118.88225724339236,95.77848942731305,750.1829112467656,214.52728907810825,192.99355295771363,355.1403310706873,389.093567,364.89933279732924,326.52411087332183,403.1800889457792,579.7888359672319,63.795022650150194,63.66310969441813,859.0480937454117,290.9864379815463,824.2976665618031,848.0759327820809,467.1204067494172,207.13059587943533,179.22263796993653,190.4064710037793,170.88914410009502,515.2883305820156,602.9300555834359,561.6301507502683,369.7530513371812,467.23028846467946,684.7618115056993,679.0217674367382,552.0294594969189,661.7983376769641,367.6653146578686,145.2734215161605,163.0181618518241,176.97661567473344,476.4512919,282.78351241643145,297.3412803753807,438.6191408362606,32.837396256470655,85.65780709561865,96.41735426991603,109.80126519200374,130.05430924420202,110.4578952976695,766.8623118,558.6487472722199,412.41198934826383,979.0335937258167,487.9732441595702,330.1830830990116,334.8982108391848,727.4169292921841,145.59322517895205,945.1615875011548,258.6795228414977,323.267963
58.055212085319674,0,710.6136980394239,654.7773276,655.6137224379934,681.4247506933958,359.14661619071086,381.3694410053234,395.94864933141264,351.95663861364653,874.4156724422231,817.3495571012032,150.94310010013635,369.7212993955295,333.7840502473049,206.06499012399203,194.0016162467307,486.5121642134631,467.78107317434507,134.88187546115194,115.13908674163395,95.92634148423411,672.2469334440367,557.0040503516462,1041.4146958640608,269.95394372727276,225.87772829224835,526.0530483,436.86580687940506,453.32609161270864,180.99541806832016,214.0067346115052,418.6962700890197,991.7304694341524,248.9594275657012,554.8601082157159,228.62358676676914,597.2762878594092,256.8985687580175,239.4104445046002,809.5751678544736,176.37055968114038,153.26679186506112,712.0689700798395,221.26773649935024,207.20782350388728,317.0263899037612,350.9796258472439,326.7853916304031,333.26455829456387,409.9205363670212,637.2771384,70.53547007139215,43.39185841858252,820.9341525784857,297.72688540278824,786.1837254,809.9619916151548,473.86085417065925,197.74210670297754,165.4014157200569,170.13521972794365,157.06792185021538,495.01707930618016,609.6705030046779,568.3705981715103,383.96732188335494,460.9925735735136,646.6478703387731,640.9078262698122,513.9155183299929,658.4822070004964,361.4275997667027,125.00217024032489,142.7469105759885,156.70536439889779,533.9395943456941,296.9977829626052,311.55555092155436,412.83763951164804,90.32569869421872,105.05006788506853,84.56132100943407,89.53001391616813,123.8165943530362,124.67216584384315,760.6245969268372,565.3891947,374.2980481813378,972.7958788346507,494.7136915808122,309.91183182317593,296.78426967225874,734.1573767134262,152.3336726,907.0476463342288,316.1678252792458,302.9967117301385
690.3717627373255,707.8088986531303,0,1248.8125714509968,509.5967369712206,555.5387200584446,492.9263248638806,479.9096468456327,725.0983124292071,694.0271444918992,711.2129942364173,1251.592535044341,617.7307633313325,1009.6037668137925,973.6665176655678,725.9800334817271,678.5943719417832,452.7355134660606,501.1687828524557,746.6429105012951,744.6897601,712.3377695145258,1154.0633926637895,368.10277804779275,1529.150771716057,555.2232505879768,580.0954814258098,1204.9829133935245,1115.7956719249623,1132.255956658266,820.8778854865832,853.8892020297683,291.91742795040403,785.1582467682856,775.8303888071002,504.38950814068187,545.2314209194557,1126.3631520842305,935.8284338035749,918.3403095501574,646.3724896486679,808.4975381546661,773.5935930650558,1146.3119480229777,511.3689486757394,573.8273012500249,995.9562549493187,1029.9094908928014,1005.7152566759606,377.3491397448599,417.0612785935919,1270.1605987045573,637.2993018940535,676.8282562970267,1414.9693964674766,468.60352578156443,1220.4267033380147,1244.2049695582928,236.75284386876456,651.5380723605729,706.4098216635443,696.3090128,699.8520855308003,1134.8995467244433,377.95046152845447,336.6505566952867,541.1970518338775,452.0841061017549,1080.8908482819108,1089.0598589980086,1185.216261548965,436.81874362198295,609.3514418536557,764.8846377,782.6293779942515,776.8684262432341,916.2022811896536,613.5962397723619,654.4059982663647,1091.7675045572057,723.2091589937962,776.0295698329438,652.0590324028326,668.3513292,656.1382691254779,630.7068363722142,634.7385663,216.6949897470498,1053.2279132268952,809.5932006288449,263.559875,949.7942992414388,975.6408324342325,149.20555247203646,558.3011920671984,1488.9074642775845,843.0387865206449,942.8791791484015
690.6008122104938,654.5822513806069,1190.312369995387,0,1048.2736256086357,1094.2156086958591,867.9797798796134,890.2026046942259,760.2992436477613,716.3072329,1249.889882873832,435.30708242978744,723.3118377124271,430.7089316067682,386.9954752,643.2625053008701,674.5024796167482,857.8576004571986,839.1265094180807,611.2729694688393,588.9335563151856,614.7639743066279,303.3616904031686,951.2455137985694,386.6373683020548,791.6690413229268,749.6852310060752,541.9058760099047,220.8610144439865,220.5185062276697,534.8698170780696,502.7547480858195,967.2032922689345,1323.8351354057006,671.8225557334716,1063.6932719046185,816.3484928,129.2798300976017,402.70205130754937,449.04558133487666,1185.0493782860826,721.7447870886616,677.7502055202032,345.6845691508853,819.9770971,760.2474000214173,350.64649913428747,371.6712777148888,340.8874974076455,918.0835400769776,885.2678649127652,683.1762063671748,695.0565272885825,662.3931642789706,166.15682501647976,896.4244552736291,404.1412507234613,427.91951694373915,959.1491728667156,706.5507111,663.2717309712042,650.2893570776102,656.1374158761566,508.45475094343135,984.4238876044136,943.1239828,755.3127581270904,969.8257373,264.6053956673575,238.35815673738736,142.47245875879227,1017.030695525167,870.2607634556051,547.1119744121115,559.9976353806637,616.9361048468261,937.2398366753353,755.5383312024145,760.1627808638981,428.6904671735857,723.4382084669645,719.4197544720648,675.9672477515422,670.6758519039873,686.2139501920778,745.7114263870599,1173.4154549293003,1045.0878666494252,288.52277117133326,1348.2700892662594,904.5632405999505,410.86769363377795,394.3808812247394,1159.6384723436302,770.1194017639981,252.27031877222288,739.0309534470161,463.2851336312643
655.8820642631802,651.3367233526443,506.7922891859013,1084.3820728067376,0,92.44868742905034,321.98241420836257,286.2797373165189,626.0972158,595.0260479050471,218.80195000422955,1087.162036400082,526.7543883132424,827.7593565293482,791.8221073811235,582.8398397302387,614.0798140461169,461.20593083357727,509.6392002199724,559.9847699,571.5322015329449,582.9446765778843,989.6328940195302,233.2819523547433,1364.7202730717977,548.2613691734131,573.1336000112459,1054.4610039365136,957.9544201,974.4147048335965,639.0334752021389,672.0447917,284.9555465358402,416.8582902659852,611.3998901628403,100.7536142222776,483.2302941416708,961.9326534399711,779.0860886088254,742.1692602803905,153.96144541648022,661.3221215180303,617.3275399495718,981.8814493787181,504.40706726117554,566.8654198354611,845.4343454923081,879.3875814357908,855.1933472189501,370.38725833029605,410.09939717902813,1139.5651531358835,602.8096034199082,606.9492353,1250.5388978232174,398.0344636060241,1055.9962046937553,1079.7744709140334,275.6290920572301,464.8799317103956,519.7516810133671,509.6508721327149,518.5899883463364,953.0551364399988,169.8798081973673,211.17971303053505,519.0938402253457,207.11648500474462,916.4603496376518,924.6293604,1020.7857629047047,111.0115261038389,422.69330120347837,619.5688001095122,631.0043474437955,590.2102856,817.2011846028015,519.3194133006697,558.1633977994504,941.2455951001948,680.2686331204142,734.0378144110563,573.9964437171053,574.2788523576353,527.4294668942346,623.7449549576504,148.6414640048776,361.56778583993935,896.4855680321457,317.1821563966573,221.0431597904649,767.9498889569945,793.7964221497882,401.34665738342215,551.3393106526346,1324.476965633325,678.6082878763848,761.0347688639572
681.6930925185824,677.1477516080466,588.9268945065493,1166.5166781273851,92.44868742905034,0,347.79344246376473,312.09076557192105,708.2318211630032,677.1606532256953,224.52160321053256,1169.296642,552.5654165686447,853.5703847847502,817.6331356365255,664.9744450508869,696.2144194,543.3405361542252,591.7738055406203,585.7957981,597.3432297883469,608.7557048332862,1071.7674993401783,273.2941768001306,1446.8548783924457,627.4440477981589,645.8156403618892,1080.2720321919155,983.7654484,1000.2257330889985,664.8445034575409,697.85582,367.0901518564883,421.0829274562043,693.5344954834884,126.56464247767984,509.0413224,1044.0672587606189,804.8971168642273,767.9802885357924,173.6945846897697,743.4567268386784,699.4621452702199,1064.0160546993661,566.3568570415282,632.8324507036987,871.2453737477101,905.1986096911927,881.0043754743521,452.52186365094417,492.23400249967625,1221.542362549186,628.6206316753104,632.7602635832753,1332.673503143865,444.4686745778666,1138.1308100144036,1161.9090762346816,357.7636973778781,490.6909599657978,545.5627092687691,535.4619003881169,544.4010166017384,978.8661646954008,215.74002458588103,257.0399294190488,601.2284455459938,232.92751326014684,998.5949549582998,1006.763965674397,1060.815159806283,156.87174249235264,448.5043294588805,645.3798283649141,656.8153756991975,616.0213138,899.3357899234497,601.4540186213179,640.2980031200987,967.0566233555968,714.5304887750531,765.6326439568553,599.8074719725076,600.0898806130376,553.2404951496368,666.4202015706018,79.19984623,443.70239116058735,922.2965962875476,321.4067935868764,303.17776511111293,793.7609172123965,819.6074504051902,447.20687377193593,598.0404611398005,1406.6115709539731,760.7428932,786.8457971193592
358.2035706237131,353.6582297131776,492.92632486388044,878.1874471434273,322.5807182704194,348.3917465258217,0,42.050007502647986,467.2585536834604,436.18738574615253,541.3826682746491,1040.7596766826246,229.07589467377562,530.0808628898815,494.14361374165685,439.5256862,392.1400246,368.04547257870126,425.1700826,262.30627621165104,273.85370789347786,285.2661829384173,885.5720581864888,218.1330085,1264.8248154454825,279.6506053343943,300.3561435961083,756.7825102970467,660.2759264608264,676.7362112,341.3549815626721,374.36629810585714,239.7972115501732,699.8959844926362,527.6572155051359,221.82710404814182,185.55180050220415,820.6864074408305,481.40759496935874,444.49076664092394,476.54216368689964,477.08582786710554,453.98206005102617,935.4790896612608,220.89736027574736,287.37295393791777,547.7558518528411,581.7090877963238,557.5148535794831,164.99729531877858,242.0918006767831,898.0528406543168,305.13110978044125,309.2707416884064,1044.3442721599072,96.67523211410186,1009.5938449762983,1033.372111196576,261.76312773520925,167.2014380709288,222.07318737390025,211.97237849324802,220.9114947068695,655.3766428005321,287.5721586790111,284.2890598704367,341.35633133240486,127.95956940593965,870.0579899201945,864.3179458512335,737.3256379114142,319.61116517791146,125.01480756401155,321.8903064700452,333.32585380432863,292.5317919535903,658.3625224439069,338.02359451877913,378.83335301278214,643.5671014607278,391.04096688018376,442.1431220619867,276.3179500776385,276.6003587181686,229.75097325476773,342.9306796757328,427.59159275926294,347.7018215179186,598.8070743926789,639.7628746670766,240.3616011070039,470.2713953175279,496.1179285103216,516.3442603934164,267.8296036672067,1130.4577659156505,593.7472325244009,463.3562752244904
369.6023269466611,365.0569860361255,478.8836226028141,889.5862034663751,292.9759156357405,318.78694389114276,35.70267689184362,0,502.96123057530394,471.8900626379961,511.77786563997006,1052.1584330055723,240.47465099672354,541.4796192128292,505.5423700646047,458.82548753646626,411.4398259965223,397.21560217762874,460.87275951523856,273.7050325345989,285.2524642164257,296.6649392613652,896.9708145094365,194.36624354939326,1276.2235717684302,315.3532822262379,333.7248747899683,768.1812666199946,671.6746827837742,688.1349675170777,352.75373788561996,385.7650544,225.7545092891068,671.2148339188666,546.9570168719823,192.22230141346284,196.9505568,832.0851637637783,492.8063512923066,455.8895229638718,446.9373610522207,488.4845841900535,465.38081637397414,946.8778459842085,254.26609146960737,320.74168513177784,559.1546081757891,593.1078441192718,568.9136099024311,177.97723633864638,255.0717416966509,909.4515969772648,316.5298661033892,320.66949801135434,1055.743028482855,132.37790900594547,1020.9926012992461,1044.770867519524,247.72042547414284,178.60019439387668,233.47194369684814,223.3711348161959,232.31025102981738,666.7753991234798,263.80539369934337,260.52229489076893,377.05900822424843,98.35476677126064,881.4567462431422,875.7167021741813,748.7243942,295.8444001982436,136.41356388695945,333.2890627929931,344.7246101272765,303.93054827653816,694.0651993357504,373.7262714106227,414.5360299046257,654.9658577836758,402.43972320313173,453.54187838493465,287.7167064005864,287.9991150411165,241.14972957771562,354.32943599868065,397.9867901,333.65911925685214,610.2058307156268,610.1580720323976,226.31889884593753,481.67015164047575,507.51668483326944,493.26795088718967,285.94969556787925,1141.8565222385982,613.0470338912471,474.75503154743825
342.7439659859604,400.5908529341675,734.3858983520599,844.6454815798216,601.6980719485387,647.6400550357628,474.1592219211744,514.5785418375962,0,43.99201071776615,803.3143292137354,847.4254451731659,403.16911071754174,732.7365166573256,696.7992675091009,208.19415724701844,237.0526996415979,302.6292535358897,283.8981624967717,484.05989836855616,477.3589829455417,445.00699231336375,749.8963027926142,504.66996013847233,1124.9836818448816,232.31303473097594,219.15741594088894,700.8705482912302,802.2620831529072,822.6190697331529,544.0106353301163,577.0219518733014,445.6060642213522,877.2595817456036,158.19719859026412,623.5746466952902,374.9321586535014,722.1960622,626.1915468784617,608.7034226250443,738.4738246259859,286.6764390348098,242.6818574663515,742.1448582,303.8712951709528,249.30030906373887,686.3193680242056,691.3797436318943,696.0783697508475,362.85519315566853,330.0395179914563,764.9194706526633,362.69607286167303,391.7293936666696,1010.8023065963014,374.96385338933175,816.2596134668396,840.0378796871174,497.6330544832953,468.92001993126047,473.33185952908605,504.27260069540836,460.7462208343414,858.0322965679762,537.8483339443166,496.5484291111489,200.0844112057814,570.0630073,676.7237584107357,684.8927691,781.0491716777886,570.4551418650699,543.2314706597614,488.01738750212104,505.7621278377846,518.8932276219213,191.10396876044658,161.84204592387553,133.47959331158296,623.7497755216921,305.6229506371939,359.39213192783575,412.9531677063739,429.2454645008503,417.0324044290189,307.3005991842963,726.8399012692041,589.161395,743.5910263,901.6945356,457.98768693985346,672.9270490849719,666.0772478,713.0629186835332,346.2202312570766,1084.740374406409,182.17563019353608,666.0119289919346
298.75195526819414,356.59884221640124,703.3147304,830.835591,570.6269040112306,616.5688870984549,443.08805398386653,483.5073739002883,43.99201071776615,0,772.2431612764277,833.6155545535413,359.1770999997757,688.7445059395593,652.8072567913347,164.20214652925225,193.06068892383175,271.55808559858184,252.82699455946388,440.06788765078994,433.3669722277755,401.01498159559753,736.0864121729895,473.5987922011645,1111.173791225257,188.67033027220464,175.16540522312278,656.8785376,758.2700724351411,778.6270590153866,500.01862461235004,533.0299411555352,414.5348962840444,846.1884138082958,151.5203335206649,592.5034787579823,330.9401479357351,708.3861715934304,582.1995361606955,564.7114119,707.4026566886782,242.6844283170435,198.6898467485853,728.3349675321774,259.87928445318653,205.3082983459727,642.3273573064394,647.3877329,652.0863590330813,331.7840252183607,298.9683500541485,720.9274599348971,318.70406214390704,347.73738294890336,996.9924159766767,343.8926854520239,802.4497228,826.2279890674928,466.5618865459875,424.9280092134944,429.3398488,460.2805899776423,416.75421011657534,814.0402858502099,506.7771660070088,465.47726117384104,169.01324326847356,538.9918393133332,662.9138677911111,671.0828785072083,767.2392811,539.3839739277622,512.1603027224534,444.02537678435476,461.7701171200183,474.9012169041551,231.77157606595225,130.77087798656768,89.48758259381681,579.7577648039259,261.63093991942765,315.4001212100696,368.96115698860785,385.25345378308424,373.0403937112529,263.3085884665303,695.7687333318962,558.0902270687901,699.5990155840158,870.6233676688553,426.9165190025456,628.9350383672057,622.0852370749368,681.9917507462254,302.22822053931037,1070.9304837867844,192.96044428877804,622.0199182741683
874.6840142674098,870.1386733568738,714.7164520516724,1303.1840228109666,218.80195000422958,224.5216032105326,540.7843642125921,505.08168732074853,844.8991658465847,813.8279979092767,0,1305.9639864043108,745.5563383174721,1046.5613065335779,1010.6240573853529,801.6417897344684,832.8817640503465,680.0078808378067,728.4411502242019,778.7867198553474,790.3341515371743,801.7466265821137,1208.4348440237593,421.72878037740827,1583.5222230760269,767.0633192,791.9355500154752,1273.2629539407433,1176.7563701045217,1193.2166548378254,857.8354252063683,890.8467417495534,503.75749654006984,198.05634026175557,830.2018401670699,319.5555642265072,702.0322441459003,1180.7346034442003,997.8880386130548,960.9712102846199,64.84050458774936,880.1240715222599,836.1294899538015,1200.6833993829475,723.2090172654046,785.6673698396903,1064.2362954965377,1098.1895314400203,1073.9952972231797,589.1892083345252,628.9013471832577,1358.3671031401134,821.6115534241378,825.7511853321025,1469.3408478274464,616.8364136102534,1274.7981546979845,1298.5764209182626,494.4310420614596,683.6818817146252,738.5536310175967,728.4528221369443,737.3919384,1171.8570864442286,334.04405039358113,375.3439552267489,737.8957902295753,425.91843500897426,1135.2622996418806,1143.4313103579784,1239.5877129089347,275.17576830005265,641.4952512077081,838.3707501137416,849.8062974480249,809.0122355972865,1036.0031346070311,738.1213633048993,776.9653478036801,1160.0475451044244,899.0705831246438,952.8397644152859,792.7983937213348,793.0808023618648,746.2314169,842.5469049618796,145.32175697709138,580.3697358,1115.2875180363749,98.38020639242768,439.84510979469445,986.7518389612239,1012.5983721540176,565.5108996,770.1412606568637,1543.2789156375543,897.4102378806144,979.8367188681866
866.1070441613464,830.0884833314594,1298.462199448351,430.56800292508905,1156.4234550615995,1202.3654381488232,1043.486011830466,1065.7088366450785,868.4490731,824.4570623829587,1358.039712326796,0,898.8180696632797,606.2151635576208,562.5017071605017,751.4123347538338,782.6523090697119,966.0074299101623,947.2763388710443,786.7792014,764.4397882660382,790.2702062574806,219.03432243506987,1059.3953432515332,710.9062032,899.8188707758903,857.8350604590389,731.7666858703423,416.24535712757455,396.0247381785223,710.3760490289222,678.2609800366721,1075.3531217218983,1431.9849648586644,779.9723851864353,1178.3000298083514,976.4783330076324,308.1185835583225,578.2082832584019,624.5518132857292,1293.1992077390466,829.8946165416253,785.9000349731668,115.54323922974571,928.1269265490827,868.3972295,535.5584151441227,559.3843807115235,525.7994134174808,1026.2333695299412,993.4176943657288,873.0370162276125,870.5627592394351,837.8993962298233,596.7248279415687,1038.3420297636046,137.3370238708133,58.49862307976016,1067.2990023196794,882.0569430288937,838.7779629220569,825.7955890284629,831.6436478270093,683.9609828942838,1092.5737170573773,1051.2738122242095,863.4625875800541,1124.7883903637023,170.70168676242983,270.8152904721005,366.97169302305633,1125.1805249781312,1045.766995406458,722.6182063629642,735.5038673315164,792.4423367976788,1045.389666128299,863.6881606553782,868.3126103168618,618.5512770340234,848.8411281440092,894.9259864229173,851.4734797023949,846.1820839,861.7201821429305,853.8612558400235,1281.5652843822643,1153.237696102389,477.9337203741859,1456.4199187192235,1012.7130700529142,586.3739255846307,569.8871132,1267.788301796594,895.4708221495957,670.6628957516764,847.1807828999799,638.7913655821171
153.38059544187945,157.4323701331931,612.2065211466456,765.7149598227307,529.9891627440473,555.8001909994496,233.52205649676478,255.74488131137727,393.59583679909326,349.6038260813271,748.7911127482771,928.2871894,0,422.66124220453906,386.7239930563145,232.6759676555593,185.29030611561538,414.8643202902912,427.9738147709928,151.99531638527165,157.74723553745025,125.39524490527221,778.1524375011464,431.37949065770005,1152.3523281247856,230.14668532392062,186.07046988889616,636.9906806086916,547.8034391401299,564.2637238734334,233.9353608773297,266.9466774205148,320.2890931962416,868.9558324121813,320.8074969910753,429.2355485217698,93.03665505357002,708.2139201201339,367.83620101874226,334.38140043974926,683.9506081605276,272.2628526852718,249.15908486919255,823.0066023405642,122.86055960657197,167.4005651005351,427.9640222,461.9172581079687,437.7230238911279,234.8573814017857,311.51335947424315,733.1694314091112,100.30813459860744,113.04488210842189,931.8717848392105,174.9522483808171,897.1213576556017,920.8996238758796,375.4536772778811,97.20167184501206,111.3282283170833,141.97261226733124,98.74258962,547.9570221151897,500.81864080765007,464.64795699620277,344.1600634800027,335.36801387956746,757.5855025994979,751.8454585305369,624.8531505907176,532.8576473065502,235.80304007275672,177.94211304933447,195.68685338499805,199.0710106596362,571.8842529,257.19052455925294,271.74829251820216,523.7752717723728,186.21799169835015,239.03840253749811,80.09209049765408,80.37449913818416,55.028773217016216,128.70932897991614,635.0000372328909,466.9820178006837,485.2356804420625,847.1713191407047,390.9910504055048,362.85177463218554,388.6983078249792,635.7501998206482,63.212903575989785,1017.9852785949536,386.8975140103402,355.93665453914804
396.54955583673933,376.1193037564399,1005.9015703509746,428.27117158868646,818.5799221089649,844.3909503643673,522.1128158616824,544.3356406762949,735.0099027,691.0178920126377,1037.3818721131945,590.8434011278837,418.4549845513308,0,67.82359313875737,544.5593338754117,523.6995983942851,810.7994185573889,792.0683275,282.97730759885195,280.4124752059396,306.24289319738205,435.65578263174797,719.9702500226177,814.9085398907413,594.2411980711992,550.1649826361746,386.10869465804404,210.3596509060856,226.8199356393892,206.10202599653178,184.0189808580499,731.6251460917273,1196.818840392091,588.0206809646924,717.8263078866873,511.4916396049009,370.77013188608964,147.67271683486837,178.20738872845635,972.5413675254451,515.4318130801317,492.3280452640524,485.5628141065201,534.1966125020582,531.4950778478136,131.9686396915456,180.28441147694997,132.2771513977743,646.1934342972719,722.8494123697296,527.3790250153145,394.82272441531853,357.5363111,594.4279966051662,584.7873071634069,559.6775694215573,583.4558356418352,774.7383732223032,363.61288975878796,337.1494987896131,306.4554292408198,347.61633476691054,143.9158860090575,789.4094001725679,786.1263013639935,708.2545762272807,623.9587732444851,420.14171436545354,414.40167029649257,287.40936235667334,821.4484066714679,524.3937994376744,242.2551212510149,224.09962474395937,267.1070806,873.0008477446853,621.2850373065313,635.8428052654806,272.8932858217251,429.38695209320997,464.39041999938354,371.11039459044576,365.81899874289076,381.3570970309816,448.95942018776947,923.5907965978087,860.6770670050126,149.34200895879638,1135.762078505622,753.3368466,91.23343618654158,119.87788656763614,1018.8719573604143,465.2625486029019,680.5414903609093,655.2290786782369,66.72458767
355.65263743628157,332.19169914551327,982.6456556416734,384.0438334017705,798.0481504024328,823.8591786578353,501.58104415515027,523.8038689697629,694.1129843,650.1209736121798,1016.8501004066626,546.6160629409675,377.5580662,67.47317261756895,0,503.66241547495383,482.80267999382727,769.9025001569312,751.1714091178133,262.4455358923198,243.1797847536313,269.01020274507374,391.4284444448319,699.4384783160857,770.6812017038253,553.3442796707415,509.26806423571685,328.1510554,166.13231271916956,182.59259745247317,153.6959565203438,119.77731563579972,690.7282276912694,1176.287068685559,547.1237625642347,697.2945361801553,470.5947212044431,326.54279369917367,80.31149907245576,111.2280435898296,952.0095958189131,474.5348946796739,451.43112686359456,441.33547591960405,493.2996941016004,490.59815944735584,74.01100043118062,122.32677221658497,74.31951213740933,605.2965159,681.9524939692717,469.4213857549494,353.92580601486077,316.63939271741623,550.2006584182502,550.6706837120747,515.4502312346414,539.2284974549193,745.8928117729088,343.0811180522558,316.6177271,285.92365753428766,310.3836443146023,210.49614914259223,768.8776284660358,765.5945296574615,667.3576578,603.4270015379531,375.9143761785375,370.1743321095765,243.18202416975737,800.9166349649358,503.8620277311422,201.35820285055723,197.2576010671268,246.57530888163384,832.1039293442276,580.3881189060736,594.9458868650229,214.93564656136004,388.4900336927522,397.02920223697095,330.2134762,324.9220803,340.4601786305238,408.0625017873117,903.0590248912766,837.4211522957115,104.83940086365119,1115.2303067990902,732.8050749,23.87221842412899,52.51666880522354,998.3401856538821,424.3656302024441,636.3141521739933,614.3321602777792,76.28965842161534
171.4620396276257,222.5682324255137,704.3015439493273,761.2741677,616.1369901813043,662.0789732685286,422.8040768735344,456.7805324961601,201.3431262070221,157.35111548925593,817.7532474465012,764.0541312850622,222.31291391791558,550.2779882499051,514.3407391016806,0,33.47163097724673,359.2836186711788,340.55252763206073,293.3969647,286.69604930185955,254.3440586696816,666.5249889045106,519.1088783712381,1041.6123679567781,183.46985298120813,141.48604266435677,548.3726757014928,636.7673495179389,653.2276342512424,361.55210692269577,394.5634234658808,412.38411599892316,891.6984999783695,109.01312960771276,630.2711997065526,249.06147955227894,638.8247483249514,456.80011139655136,439.31198714313405,752.9127428587517,134.1785664450722,90.18398487661395,658.7735442636985,200.7100730937292,152.0482116796989,516.9279325422951,538.8818710421566,526.6869342689371,326.9524042044673,386.69388312674545,612.4215980629259,162.08310493137304,201.06646002298754,927.4309927081979,316.32027686297124,732.8882996,756.6665657990138,467.5487000805627,288.0638231316344,292.4756627,323.4164038957823,279.8900240347153,675.5737681605557,552.2872521770823,510.9873473439147,256.7387763410706,536.4036650643503,593.3524445226321,601.5214552387293,697.6778578,584.8940600978357,436.83869125753944,305.5588590947005,323.30359943036405,328.23029397823916,378.2837192345963,196.8204800531598,151.96359252217982,471.25190293195465,147.66003174146653,206.89425933809824,224.73276130361242,241.02505809808883,236.1762076293929,110.68829113382229,741.2788195019699,559.0770406033654,574.1995908198716,916.1334538389287,472.42660517261925,490.46852067755157,496.6858123107926,727.5018369,168.0539686942424,1001.3690605183054,176.2215273212574,483.55340058451407
141.59037315250447,192.69656595039245,674.4298775,779.2416207778438,634.1044433,680.0464263546542,392.9324103984132,426.9088660210387,219.31057929314778,175.31856857538162,835.7207005326268,782.0215843711879,192.4412474427943,520.4063217747838,484.46907262655924,50.98562604,0,377.2510717573045,358.5199807181864,263.5252982497527,256.8243828267384,224.47239219456034,684.4924419906363,537.0763314573638,1059.5798210429036,193.1693134529986,149.09309801797417,579.5296794085987,606.8956830428176,623.3559677761211,331.6804404475745,364.69175699075953,382.5124495,909.6659530644949,139.11715537758536,600.3995332314312,219.18981307715765,656.7922014110771,426.92844492143007,409.44032066801276,770.8801959448773,165.3355702,121.34098858371979,676.7409973498242,170.83840661860788,130.4231932296131,487.0562660671738,521.0095020106565,496.81526779381574,297.08073772934614,373.7367158018035,643.5786017700318,132.21143845625176,171.19479354786628,945.3984457943236,286.4486104,750.8557526648617,774.6340188851395,437.6770336054415,258.1921566565132,262.6039962543387,293.5447374,250.01835755959394,645.7021016854344,570.2547052632079,528.9548004300403,274.70622942719626,506.5319985892289,611.3198976087579,619.4889083248551,683.9453944934054,602.8615131839613,406.96702478241804,275.6871926195792,293.43193295524276,298.3586275031179,396.2511723,214.7879331392855,169.93104560830554,502.40890663906055,150.48467734830209,227.24818024812313,194.86109482849113,211.15339162296755,206.30454115427162,80.81662466,759.2462725880955,529.2053741282441,544.3279243447503,934.1009069250543,458.5298710155945,460.5968542024303,466.8141458356713,697.9735561482084,138.18230221912114,1019.3365136044312,206.3255531,453.6817341093928
466.7700450893099,484.20718100511476,452.7355134660606,953.0015321964739,486.199633,532.1416161,384.23566115776106,398.24162642044735,298.1345453157585,267.0633773784506,687.8158902915548,955.7814957898182,453.8305474811598,805.704593,769.7673438606882,372.3029055158704,369.81093777731274,0,72.12276777541842,547.7506671,541.0497517,508.6977610830028,858.2523534092664,345.86405065445973,1233.3397324615341,251.08345580854052,262.47679744442985,900.8238513253509,892.1939542769471,908.6542390102506,616.9787116817037,649.9900282248888,197.75892474739516,761.7611428234231,411.8327701922934,484.03822432946413,387.1206470135781,830.5521128297073,712.2267161555595,694.7385919,622.9753857038053,486.6297420689307,442.6351605004724,850.5009087684543,347.1906766744936,292.61969056727975,772.3545373013034,806.3077732447861,782.1135390279453,219.23836583898236,146.56075942371032,964.8727736867841,415.67884200119187,455.4201624363086,1119.158357212954,324.1295619,924.6156640834919,948.3939303037697,215.98266959729605,521.9027890707794,526.3146286686049,557.2553698349274,513.7289899738602,931.0003729195636,366.1121770940188,324.81227226085105,102.54484233010822,417.9520068703329,785.079809,793.2488197434852,889.4052222944409,424.9804591875473,492.3971791675536,560.9854638537084,578.7302042,582.5839964,489.2385140762051,191.35674277407307,230.20072727285387,823.7030785558129,490.2028893485501,552.4278521849283,465.93593684589274,482.2282336403691,470.01517356853776,360.2833683238151,611.3414623470234,307.5110101200987,829.6261955788798,786.1960966839823,251.1553656701531,745.8951254365593,752.1124170698008,476.27919214006306,389.53961276061744,1193.0964250230616,453.27288096040644,738.9800053
448.03895405019205,465.47608996599683,501.16878285245565,934.2704412,534.6329024127531,580.5748854999772,446.47488937502413,470.36439419586577,279.4034542766407,248.3322863393327,736.2491596779499,937.0504047507003,435.09945644204186,786.9735019697952,751.0362528215704,353.5718144767525,351.0798467381948,72.12276777541842,0,529.0195760990772,522.3186606760629,489.96667004388485,839.5212623701485,394.2973200408548,1214.608641422416,232.3523647694226,243.74570640531198,882.0927602862332,873.4628632378292,889.9231479711327,598.2476206425858,631.2589372,246.19219413379022,810.1944122098182,393.1016791531756,532.4714937158593,399.52044911792433,811.8210217905894,693.4956251164416,676.0075008630241,671.4086550902005,467.89865102981287,423.9040694613546,831.7698177293364,328.45958563537573,273.8885995281619,753.6234462621854,787.5766822056681,763.3824479888274,291.3611336144007,218.68352719912875,946.1416826476664,396.947751,436.6890713971907,1100.427266173836,347.2795208431815,905.884573,929.6628392646518,264.41593898369115,503.17169803166144,507.5835376,538.5242787958096,494.99789893474235,912.2692818804458,414.5454464804139,373.2455416472461,83.81375129,466.38527625672793,766.3487179882701,774.5177287043673,870.6741313,473.41372857394236,515.5471381,542.2543728145906,559.9991131502542,563.8529053524422,470.5074230370873,172.6256517349552,211.4696362,804.9719875166952,471.47179830943224,533.6967611458106,447.20484580677487,463.49714260125126,451.2840825294199,341.55227728469725,659.7747317334185,355.9442795064938,810.8951045397619,834.6293660703775,299.5886350565482,727.1640343974415,733.3813260306829,524.7124615264581,370.80852172149963,1174.3653339839434,434.5417899212886,720.2489143044041
160.1330353142136,143.50376526937836,743.4200711,635.3843232297784,556.0984228819373,581.9094511373395,259.63131663465464,281.8541414492671,488.19241007584776,444.2003993580816,774.9003729,797.9565527689757,161.0556574895405,287.2777389762324,251.3404898280078,299.96086645959303,272.4817952848253,557.5058288755703,538.7747378364523,0,31.313050999212688,47.554968665734975,642.7689342728395,457.48875079558985,1022.0216915318333,340.9476084,296.87139295435554,513.9793863833977,417.4728025471774,433.9330873,98.55185764902299,131.5631742,474.22581902993744,934.3373411650634,351.60416044216674,455.3448086596596,241.64085672079204,577.8832835271816,238.60447105570967,201.68764272727475,710.0598682984175,279.0152926,255.9115247415267,692.6759657476118,276.7972854402679,278.20148816599453,304.95272793919185,338.90596388267454,314.7117296658338,388.79410723548153,465.4500853079388,655.2497167406678,141.52913473349932,100.83256731242903,801.5411482462582,321.64151943326215,766.7907210626494,790.5689872829272,512.2568739952756,98.20224783,54.92326772624574,41.94089383265175,66.30818542,412.57351888688305,526.9279009455399,523.6448021369656,454.9609865454621,361.47727401745726,627.2548660065455,621.5148219375845,494.52251399776526,558.9669074,261.9123002106466,84.1790922,90.52272989067953,49.72866803994117,636.5843272221598,367.99144762471235,382.5492155836615,400.76397754707875,192.9704315706843,236.27082368359697,113.81989149327217,108.52849564571719,110.80639963647928,195.66583050595034,661.1092973707808,598.1955678,356.0039504790299,873.2805792785946,490.8553473670703,227.4682714038788,253.3148045966724,756.3904581333866,207.8632215411117,887.6546420020013,418.8125581557114,220.55315131084134
138.40848463992106,121.77921459508582,744.4186963060492,641.5125310547587,575.5133298,601.3243580671124,279.04622356442746,301.2690484,466.4678594015552,422.4758486837891,794.3152798159398,804.0847606,139.3311068,294.72181334331026,258.7845641950857,278.23631578530046,250.75724461053278,535.7812782012777,517.0501871621598,22.33941315365377,0,25.830417991442438,650.2130086399173,476.90365772536273,1028.1498993568136,319.2230577150874,275.14684228006297,512.7882518407197,423.60101037215776,440.06129510546134,105.99593201610082,139.00724855928587,452.5012684,953.7522480948362,329.87960976787423,474.75971558943246,232.36776186881804,584.0114913521619,243.6337722507702,209.1317170943526,729.4747752281903,257.2907418833134,234.18697406723416,698.8041735725922,255.07273476597538,256.47693749170196,303.7615933965138,337.71482933999647,313.5205951231557,367.0695565611891,443.72553463364636,654.0585822,119.80458405920676,79.10801663813649,807.6693560712386,312.44372437644995,772.9189288876297,796.6971951079075,507.6658524372845,117.61715476285525,74.33817466,61.355800762424515,67.20385956097094,420.0175932539609,546.3428078753128,543.0597090667385,433.23643587116953,380.89218094723014,633.3830738315258,627.6430297625649,500.6507218227456,578.3818143742128,281.3272071404194,53.739684281362386,71.48442461702597,57.17274240701899,614.8597765478672,346.2668969504198,360.82466490936895,399.57284300440074,171.24588089639175,214.54627300930443,92.09534081897964,86.80394497142467,102.23321929489886,173.9412798316578,680.5242043005537,599.1941929600873,361.0332516740905,892.6954862083674,510.2702542968432,234.91234577095665,260.75887896375025,767.9623749800515,186.13867086681918,893.7828498269816,397.08800748141886,227.99722567791918
112.57806664847863,95.94879660364339,718.5882783146066,650.0328824236393,588.4637793712695,614.2748076,291.9966731,314.21949793859955,440.6374414101126,396.6454306923465,807.2657293754993,812.6051119628365,113.50068882380558,306.9791648054476,271.0419157,252.4058978,224.92682661909032,509.9508602098353,491.21976917071726,39.05290605519235,32.351990632178016,0,662.4703601020545,489.85410728492235,1036.6702507256941,293.39263972364495,249.31642428862057,521.3086032096002,432.1213617410383,448.5816464743419,118.25328347823822,151.26460002142326,426.6708503642024,966.7026976543957,304.0491917764318,487.7101651489921,206.53734387737558,592.5318427210425,252.15412361965076,218.6993230406578,742.4252247877498,231.46032389187098,208.35655607579173,707.3245249414728,229.24231677453292,230.6465195002595,312.28194476539437,346.23518070887707,322.0409464920363,341.2391385697465,417.8951166422038,662.5789335668704,93.97416606776433,53.27759864669406,816.1897074,286.61330638500755,781.4392802565103,805.2175464767881,481.83543444584194,130.5676043224148,87.28862421557805,74.30625032198408,80.15430912,432.27494471609833,559.2932574348724,556.0101586262981,407.40601787972713,393.84263050678976,641.9034252004064,636.1633811314455,509.17107319162614,591.3322639337725,294.2776566999789,62.260035650242926,80.00477599,73.88623530855757,589.0293585564249,320.4364789589774,334.99424691792655,408.0931943732813,145.41546290494932,188.71585501786203,66.26492283,60.97352697998222,76.40280130345639,148.11086184021536,693.4746538601133,573.3637749686446,369.553603,905.6459357679269,502.6521084096954,247.1696972,273.01623042588767,742.1319569886089,160.30825287537672,902.3032011958621,371.25758948997645,240.25457714005657
703.1488596141891,667.1302987843021,1164.3957802931175,302.9518571258236,1022.357035906366,1068.299019,880.5278272833087,902.7506520979213,734.3826539454916,690.3906432277254,1223.9732931715625,219.03432243506987,735.8598851161224,435.1419008419512,391.4284444,617.3459155986004,648.5858899144786,831.9410107549289,813.2099197,623.8210168725346,601.4816037188809,627.3120217103233,0,925.3289240962997,628.5572259090042,765.7524516206571,723.7686413038056,568.8085013231849,253.2871725804172,218.92084183132835,545.1244009651758,511.2057600806317,941.2867025666649,1297.9185457034312,645.905966,1044.2336106531177,828.8965401696923,180.50243775905705,415.2500987112446,461.5936287385719,1159.1327885838132,695.8281973863919,651.8336158179335,103.49108320532414,794.0605073938493,734.3308103191476,372.6002305969653,396.4261961643661,362.84122887032333,892.1669503747079,859.3512752104955,710.0788316804552,707.6045746922778,674.9412117,469.10868214230334,904.2756106,319.8331575309622,277.53294551483003,933.2325831644459,719.0987584817364,675.8197783748996,662.8374044813056,668.6854633,512.8877201786144,958.5072979021439,917.2073930689763,729.3961684248208,982.3737846661114,158.8017696412542,74.62840265645252,199.3007190143619,991.1141058228973,882.8088108593005,559.6600218158069,572.5456828,629.4841522505214,911.3232469730656,729.6217415001448,734.2461911616284,455.5930925,714.7747089887758,731.9678019,688.5152951552376,683.2238993076827,698.7619975957732,719.7948366847902,1147.498865227031,1019.1712769471554,314.9755358270285,1322.3535,878.6466508976808,415.30066286896096,406.9289286284347,1133.7218826413607,761.4044029943624,555.2221758980464,713.1143637447465,467.7181028664473
556.7841562977388,552.2388153872033,389.15428967293695,1031.9349696616414,233.2819523547434,273.29417680013063,218.85460851126527,187.18182935107768,573.6501126972589,542.5789447599512,423.10060886481153,1034.7149332549857,427.6564803478013,728.6614486,692.7241994156823,530.3927365851425,551.9606419825388,345.86405065445973,394.29732004085486,460.88686188567675,472.4342935675036,483.8467686,937.1857909,0,1312.2731699267017,428.58952062873254,453.4617514665653,955.3630959710724,858.8565121348518,875.3167968681553,539.9355672366977,572.9468837798828,165.28369799115953,566.9162248160208,558.9527870177443,163.8621490602946,377.6827511519098,909.4855502948749,679.9881806433842,643.0713523149493,358.26010427706217,608.8750183729344,564.8804368,929.4343462336219,384.7352187,447.1935712907806,746.3364375268669,780.2896734703496,756.0954392535089,250.71540978561552,290.4275486343475,1087.118049990788,503.7116954544669,507.8513273624321,1198.0917946781212,278.3626150613432,1003.5491015486595,1027.3273677689372,160.28721187811243,365.7820237449544,420.65377304792594,410.5529641672737,419.4920803808952,853.9572284745576,89.05655847123049,66.15605134137569,426.29891573820794,96.01147677813263,864.0132464925556,872.1822572086528,935.9062235854395,147.92484056475888,323.59539323803716,520.4708921440708,531.9064394783543,491.11237762761596,764.7540814577054,466.87231015557364,505.71629465435433,842.1476871347536,589.6215525542095,640.7237077360121,474.89853575166416,475.18094439219425,428.33155892879336,504.0731064129699,352.49402303357186,243.92978632697506,797.3876600667045,521.4808152572392,105.10912794320407,668.8519809915533,694.6985142,347.0225726771444,431.6674621079544,1272.0298624882291,626.1611847312888,661.9368609
1077.2381805125483,1041.2196196826617,1576.9497382974419,386.6373683020548,1434.9109939106909,1480.8529769979145,1254.6171481816673,1276.8399729962798,1146.9366119498159,1102.944601,1636.5272511758874,706.3414201366046,1109.9492060144821,817.3462999088229,773.6328435117035,1029.899873602925,1061.1398479188035,1244.4949687592537,1225.763877720136,997.9103377708941,975.5709246172404,1001.4013426086827,632.7843222952758,1337.8828821006246,0,1178.3064096249814,1136.3225993081298,928.5432443119593,607.4983827460413,607.1558745297245,921.5071853801244,889.3921163878742,1353.8406605709893,1710.4725037077558,1058.4599240355262,1450.3306402066723,1202.985861068052,515.9171983996565,789.3394196096041,835.6829496369313,1571.686746588138,1108.382155390716,1064.3875738222578,630.3582343215937,1206.6144653981737,1146.8847683234721,737.2838674363423,758.3086460169436,727.5248657097004,1304.7209083790328,1271.9052332148208,1069.8135746692296,1081.6938955906367,1049.030532581025,220.4805432855751,1283.0618235756845,653.0950826451862,691.6407422936096,1345.7865411687703,1093.1880793800958,1049.909099273259,1036.9267253796647,1042.7747841782111,895.0921192454858,1371.0612559064687,1329.7613510733008,1141.9501264291455,1356.4631055644702,535.6397333741745,567.7807886294946,529.1098270608471,1403.6680638272226,1256.8981317576597,933.7493427141663,946.6350036827185,1003.5734731488809,1323.877205,1142.1756995044693,1146.8001491659531,815.3278354756404,1110.075576769019,1106.0571227741195,1062.6046160535968,1057.313220206042,1072.8513184941326,1132.3487946891148,1560.0528232313557,1431.725235,675.1601394733881,1734.9074575683148,1291.2006089020053,797.5050619358325,781.0182495267942,1546.2758406456853,1156.7567700660532,134.36704952983197,1125.6683217490709,849.9225019333189
250.8676086705912,268.3047445863959,554.2890712526596,894.2030385408291,559.0541884706072,604.9961715578313,286.3722038244369,326.79152374085874,232.1112001513699,188.6703302722046,760.6704457358042,915.2148837,237.9281110624408,589.8021565901943,553.8649074419696,200.9838480460308,192.26846747466521,259.98537005795833,241.25427901884038,331.84823071947636,325.1473152964619,292.79532466428395,817.6857412944393,427.6553412934152,1192.7731203467067,0,51.44896113737732,728.8162424234608,676.2915178582282,692.7518025915317,401.07627526298495,434.0875918,262.37164330225556,834.6156982676723,284.5443568258294,500.28219095125127,176.72688904493464,789.9855007148801,496.3242797368406,478.8361554834233,695.8299411480547,315.33379215613945,271.3392105876812,809.9342966536271,118.3614527399627,76.71725415,556.4521008825845,590.4053368260671,566.2111026092265,176.93993150779954,253.59590958025709,792.8651648,199.77640558247305,239.51772601758984,1060.359863557309,184.3753001132515,884.0490519686647,907.8273181889425,317.5362273838951,306.0003526520605,310.4121922498861,341.35293341620843,297.82655355514134,715.0979365008449,453.3458762179138,412.04597138474605,157.44052772785005,406.41465630904895,744.5131969125608,752.6822076,753.3412293,512.2141583114424,345.22173473293395,345.0830274349897,362.8277677706532,366.6815599728415,419.3898442057983,70.47098880710043,99.18274767838784,651.6954696539226,274.3004529298311,336.5254157662098,250.03350042717378,266.32579722165013,254.1127371,144.38093190509622,684.1960177912727,409.0645679066977,613.7237591601609,859.0506521282317,338.38906479404807,529.9926890178407,536.2099806510819,577.8327499266621,173.63717634189845,1146.4733573130522,344.45773273425317,523.0775689248032
204.2932476448803,221.73038356068503,580.0743147978409,847.6286775,559.7032543338635,605.6452374210877,310.08555098396505,346.7755411619393,219.15741594088894,175.16540522312278,761.3195115990604,873.2310733581397,191.35375003672985,543.2277955644834,507.2905464162588,159.00003772917947,145.69410644895433,260.6344359212147,241.90334488209677,285.2738696937654,278.5729542707509,246.22096363857298,775.701931,453.44058483859646,1150.7893100298554,51.448961137377324,0,682.2418813977497,629.7171568325172,646.1774415658207,354.50191423727404,387.5132307804591,288.15688684743685,835.2647641309286,242.56054650897806,520.2662083723318,155.77474271261246,748.0016903980288,449.7499187111296,432.2617944577123,696.479007,273.34998183928803,229.35540027082982,767.9504863367758,84.71387923006377,30.142893122849923,509.87773985687335,543.8309758003561,519.6367415835152,202.72517505298094,279.38115312543846,746.2908037591828,153.20204455676213,192.94336499187892,1013.7855025315978,203.60175097340192,842.0652416518134,865.8435078720912,343.3214709290764,259.4259916263497,263.8378312241752,294.7785723904975,251.25219252943046,668.5235755,479.1311197630951,437.83121492992734,158.08959359110642,426.39867373012953,702.5293865957095,710.6983973118067,706.7668682831049,528.4603242503952,352.25915816415255,298.50866640927876,316.2534067449423,320.10719894713054,405.8849191567164,71.12005467035681,85.67782262930601,605.1211086282117,227.72609190412024,289.95105474049893,203.45913940146292,219.75143619593933,207.53837612410814,97.80657087938533,684.8450837,434.84981145187896,567.1493981344498,859.699718,364.17430833922936,483.41832799212983,489.63561962537085,603.6179934718434,127.06281531618751,1099.8989962873409,302.4739224174018,476.50320789909233
520.0235326980946,518.4537092464011,1192.270885069022,538.9563822485193,1028.3183439926902,1054.1293722480925,731.8512377454077,754.0740625600203,700.8705482912303,656.8785375734641,1247.1202939969198,714.1945153291266,587.1832955782219,383.3036299191182,325.3459906587531,535.5305541238844,569.0021851011311,894.8141728,876.0830818,475.14442733463386,452.8050141809801,478.63543217242255,569.0918916719603,929.7086719,925.5937505505742,719.0004071050929,677.0165967882414,0,321.0448615659182,350.17104984063224,403.2120763,371.0970072670599,900.3534571186177,1391.2259220625774,553.8813265255188,927.5647297704127,680.2199506317918,481.45534254592235,294.32995882990787,320.55226943053253,1182.2797894091705,422.5233699367371,458.18869082487885,608.9139283077631,702.9249235289487,666.9709681784087,254.14005496649844,231.51766296235505,261.09399195421446,814.9217453241623,891.5777233966201,141.27033035727038,558.9279851543768,526.2646221447651,705.1132072649991,760.2959131394239,683.0286836228004,706.8069498430782,955.5180412002571,570.4221689438355,527.1431888369987,514.1608149434046,520.0088737419511,504.7823460528462,999.1478220562932,995.8647232477189,792.2693304649548,833.6971951282104,543.4928285666965,525.0868809563253,398.09457301650605,1031.1868285551932,734.1322213213995,410.9834323,428.33989456190415,480.8075627126208,838.8614933055118,732.3510341770442,687.4941466460642,113.21540883631897,482.90251734932815,470.8482506453382,539.8387056173367,534.5473097697819,550.0854080578727,584.4353105183645,1133.3292184815336,1047.046382,277.69244632130705,1345.5005003893473,963.0752684778233,348.59487089058575,324.62322689117855,1215.8145637430243,633.9908596297929,791.2267010207422,621.0897242390633,401.0123108880721
472.18810123547956,436.1695404055927,1046.1465656791393,217.91152068260095,904.1078212923878,950.0498043796119,649.5670689045994,671.7898937192119,616.1334393315134,572.1414286137472,1105.7240785575846,398.3897962,504.8991267374135,212.29622063175395,168.58276423463474,499.0967009846221,530.3366753005004,713.6917961409507,694.9607051018328,392.8602584938255,370.5208453401717,396.3512633316142,253.2871725804173,807.0797094823215,604.5488889846557,647.5032370066787,605.5194266898272,321.0448615659181,0,34.366330749088846,316.4571061030553,284.3420371108052,818.0692882778095,1179.6693310894527,527.6567514172236,845.2805609296045,597.9357817909835,160.41048098000408,184.2893403325352,230.6328703598625,1040.8835739698352,523.9149047984141,533.5844012039553,293.10920921621977,620.6407546881405,613.3161697460635,129.78548469030105,150.81026327090234,120.02648296365909,732.6375764833541,741.1020605965173,462.31519192318854,476.6438163135682,443.9804533039567,384.0683456990806,678.0117442986156,367.2239645,391.00223075153485,814.9833685504677,488.13800010302697,444.85901999619017,431.8766461025962,437.7247049011427,290.04203996841716,840.2580832881657,798.9581784549981,611.1469538108425,751.4130262874022,227.6881094751532,204.04201939040698,77.04971145058784,872.8648912089191,651.8480524805912,328.6992634370976,341.5849244056495,398.5233938718124,793.0740323590874,611.3725268861666,615.9969765,207.82945272959915,505.0254974919502,501.0070434970504,457.5545367765285,452.2631409289735,467.8012392170643,530.7805120860193,1029.2496506130533,900.9220623331772,67.66175672734678,1204.104284950012,760.3974362837026,192.45498265876375,175.9681702497252,1015.4726680273824,551.7066907889847,470.1818394548237,594.8651491307683,244.87242265625008
484.2280177828606,448.20945695297377,1045.8040574628224,217.56901246628414,903.7653130760709,949.7072962,661.6069854519804,683.8298103,615.7909311151966,571.7989203974304,1105.3815703412677,380.1408810168126,516.9390432847946,224.3361372,180.62268078201578,498.75419276830524,529.9941670841836,713.3492879246338,694.6181968855159,404.9001750412065,382.56076188755276,408.3911798789952,218.9208418313284,806.7372012660046,604.2063807683389,647.1607287903618,605.1769184735103,349.88765949185654,34.36633074908885,0,328.49702265043635,296.38195365818626,822.6949797363698,1179.326822873136,527.3142432009068,857.3204774769854,609.9756983383645,160.0679727636873,196.32925687991624,242.67278690724353,1040.5410657535183,552.7577027243527,533.2418929876385,274.8602939954493,632.6806712355216,615.7390874888524,153.67938876563696,177.5053543330378,143.920387,744.6774930307353,740.7595523802004,491.1579898,488.68373286094925,456.02036985133776,383.72583748276384,690.0516608459967,348.9750493104865,372.7533155307643,814.6408603341508,500.1779167,456.8989365435712,443.91656264997727,449.7646214485237,302.0819565157982,839.9155750718488,798.6156702386812,610.8044455945256,763.4529428347831,209.4391942543827,201.3803079015301,76.70720323427102,872.5223829926022,663.8879690279722,340.73917998447865,353.6248409530305,410.56331041919344,792.7315241427707,611.0300186698497,615.6544683313332,236.67225065553762,517.0654140393312,513.0469600444314,469.59445332390953,464.3030574763545,479.8411557644453,542.8204286334003,1028.9071423967364,900.5795541168603,96.05469399570015,1203.7617767336951,760.0549280673857,204.4948992061448,188.00808679710624,1015.1301598110655,563.7466073363657,469.83933123850693,594.5226409144514,256.9123392036311
223.05990784291444,202.6296558,832.4119223571498,536.8324655807554,645.0902741151401,670.9013023705426,348.62316786785766,370.8459926824702,561.5202547365792,517.528244,863.8922241193699,699.4046951199524,244.9653365575058,188.72588132720938,152.78863217898476,371.0696858815868,350.20995040046023,637.3097705635645,618.5786795244466,109.48765960502725,106.92282721211488,132.75324520355733,544.2170766238164,546.480602,923.4698338828102,420.7515500773742,376.6753346423497,415.4275287343747,318.92094489815435,335.3812296314579,0,33.011316543185046,558.1354980979027,1023.3291923982663,414.53103297086756,544.3366598928626,338.00199161107594,479.3314258781585,140.05261340668673,103.13578507825183,799.0517195316204,341.9421650863069,318.8383972702275,594.1241080985887,360.7069645082332,358.0054298539887,206.40087029016888,240.3541062336516,216.15987201681085,472.70378630344686,549.3597643759043,556.6978591,221.33307642149362,184.04666312404902,702.9892905972351,411.29765916958263,668.2388634136261,692.0171296339039,601.2487252284784,190.1232417649632,163.65985079578846,132.9657812469951,174.1266867730858,314.0216612,615.9197522,612.6366533701688,534.7649282334563,450.46912525066034,528.7030083575222,522.9629642885615,395.9706563487422,647.9587586776431,350.90415144384957,68.76547325719014,50.60997675013461,93.61743259434128,699.5111997508606,447.7953893127065,462.3531572716557,302.21211989805573,255.89730409938514,295.39671417683354,197.6207466,192.32935074906598,207.8674490371567,275.46977219394455,750.1011486039839,687.1874190111879,257.45209283000696,962.2724305117974,579.8471986002733,128.91641375485574,154.76294694764943,845.3823093665897,291.77290060907694,789.1027843529782,481.7394306844122,122.0012936618183
235.8753218004818,215.44506972018235,862.86834,503.8211490375702,678.2708348,704.0818630220353,381.8037285193505,404.0265533,574.3356686941464,530.3436579763802,897.0727847708628,666.3933785767673,257.7807505150732,180.8639986529666,119.77731563579972,383.8850998391541,363.02536435802756,650.1251845211318,631.3940934820139,142.6682202565201,123.40246911783159,149.23288710927403,511.20576008063153,579.6611626802859,890.4585173396249,433.5669640349415,389.4907485999171,384.4537276,285.90962835496924,302.3699130882728,33.91864088454405,0,570.9509120554699,1056.5097530497592,427.3464469284349,577.5172205443554,350.81740556864327,446.3201093349734,107.04129686350167,70.12446853506677,832.2322801831133,354.7575790438742,331.65381122779485,561.1127915554036,373.52237846580056,370.8208438115561,175.42706920236824,209.38030514585094,185.1860709290102,485.5192002610142,562.1751783334716,525.7240580038444,234.14849037906097,196.86207708161638,669.9779740540498,430.89336807627495,635.2275469,659.0058130907188,626.1154961371093,223.30380241645605,196.8404114472813,166.14634189848795,190.60632867880247,309.54946241568535,649.1003128,645.8172140216617,547.5803421910236,483.64968590215324,495.69169181433716,489.9516477453763,362.9593398055571,681.1393193,384.08471209534235,81.58088721475751,77.48028543,126.79799324583414,712.3266137084279,460.6108032702739,475.16857122922306,271.23831881025507,268.7127180569525,301.4290072993593,210.43616055418835,205.14476470663334,220.68286299472408,288.28518615151194,783.2817092554767,717.6438367,224.4407762868219,995.4529911632903,613.0277592517662,95.90509721167071,121.75163040446442,878.5628700180825,304.58831456664427,756.0914678097929,494.5548446419795,117.52909483964368
398.4543347869219,415.8914707027267,291.9174279504041,1041.7897646571598,305.3631571641156,351.30514025133965,239.79721155017322,226.78053353192536,433.1808844788028,402.10971654149495,506.9794144293122,1049.9426010322798,325.8133353809284,717.6863388633899,681.7490897151652,434.06260553132336,386.6769439913794,197.7589247473952,246.19219413379022,459.4732476193155,452.7723322,420.4203415641231,952.4134586517281,165.28369799115953,1327.5008377039956,263.30582263757304,288.17805347540593,913.0654854431208,823.878244,840.3385287078626,528.9604575361806,561.9717740793657,0,580.9246669611805,522.1941348668392,303.4578717,253.3139929690517,924.7132181,643.9110058531714,626.4228816,442.1389098415628,516.5801102042622,481.67616511465195,944.662014,219.45152072533548,281.9098732996211,704.0388269989153,737.9920629423979,713.7978287255572,85.43171179445595,125.14385064318793,978.2431707541537,345.3818739,384.91082834662353,1207.9465896736397,190.32290785259752,1018.7767693259535,1042.5550355462315,55.164584081639504,398.4089590468654,420.52029627514156,443.17989946918465,407.9346575803969,842.9821187740405,190.97423291565815,149.6743280824904,269.7076141798328,225.91822532822067,879.2409142698497,887.4099249859469,900.9279554251468,249.84251500918654,356.22232853994814,472.96720970818535,490.7119500438489,494.30657687268064,624.2848532392494,321.67881182195805,362.4885703159608,799.8500766,431.29173104339253,484.1121418825405,360.1416044524294,376.4339012469058,364.22084117507444,338.78940842181044,430.5049864847809,146.69292460444217,761.3104852764917,605.3596208217398,76.01742149,657.8768712910362,683.7234044838299,315.46110662440657,266.38376411679485,1287.257530265523,584.7322539690465,650.9617511979989
994.0052676761653,1011.4424035919701,817.3876755393055,1394.9774591601413,416.85829026598515,421.0829274562043,702.2839425056515,666.5812656,936.6926021957594,905.6214342584515,198.05634026175557,1397.7574227534856,889.0851738969629,1208.0608848266372,1172.123635678413,893.4352261,924.6752003995211,771.8013171869814,820.2345865733765,940.2862981484068,951.8337298302337,963.2462049,1300.228280372934,564.3439105181894,1675.3156594252016,858.8567555268165,883.7289863646497,1386.1116171278552,1338.255948397582,1354.7162331308857,1019.3350034994277,1052.346320042613,595.5509328892443,0,921.9952765162445,481.05514251956646,807.9499860499942,1272.528039793375,1159.3876169061148,1122.4707885776797,262.89684484950493,971.9175078714345,927.9229263029761,1292.4768357321225,815.0024536,877.4608061888648,1225.7358737895968,1259.6891097330795,1235.4948755162388,680.9826446836997,720.6947835324322,1450.160539489288,940.9328068328933,980.4617612358664,1561.1342841766211,708.6298499594279,1366.5915910471592,1390.3698572674373,586.2244784106341,845.1814600076846,900.0532093,889.9524004300036,898.8915166436253,1333.356664737288,486.80391978287497,528.1038246160427,829.6892266,587.4180133020336,1227.0557359910554,1235.2247467071531,1331.3811492581094,427.9356376893465,802.9948295007674,999.8703284068009,1011.3058757410843,970.5118138903458,1127.7965709562056,829.9147997,868.7587841528548,1308.9908443583167,990.8640194738184,1044.6332007644603,954.2979720143942,954.5803806549242,907.7309951915233,934.3403413110541,341.88308122276305,672.1631721933436,1276.787096329435,99.67613386932788,531.6385461,1148.2514172542838,1174.0979504470774,718.2707689689299,861.9346970060382,1635.072351986729,989.2036742297892,1141.336297161246
195.75474422024905,253.60163116845607,733.2801606314013,736.3785937550635,591.2414162,637.1833993318742,530.9787344130125,564.9551900356383,158.19719859026415,151.5203335206649,792.8576735098468,739.1585573484077,330.48757145739376,585.7472948916143,549.8100457433897,108.17465753947815,141.64628851672487,400.8253910932128,382.0943000540947,350.90787095723675,331.16508223771865,311.9523369803189,641.6294149678561,494.2133044345836,1016.7167940201235,286.2866586,244.30284830882763,553.8813265,655.2728613871958,675.6298479674413,397.02141356440495,430.0327301,510.1710829049489,866.802926,0,613.1179909914016,357.23613709175703,613.9291743882969,479.20232511275015,461.71420085933283,728.0171689220973,139.68721726909834,95.6926357,633.8779703,308.8847306332074,254.86501732416977,539.3301463,544.3905218661828,549.0891479851359,435.1270617439456,428.2356555487794,617.9302488869521,258.0458081,259.4178539146672,902.5354187715434,424.49493440244936,707.9927256420815,731.7709918623593,502.1169635027299,396.2384806711125,374.97738219018555,386.1612152240284,366.64388832034405,711.0430748022649,527.3916782,486.0917734072602,298.28054876310455,559.6063515467523,568.4568705859776,576.6258813020748,672.7822838530305,559.9984861611813,545.0133487970176,341.0281657364097,358.7729060720732,372.7313598949825,284.98016677999294,275.54027080041055,234.25697540765958,476.7605537559808,158.6337288714825,212.4029101621244,292.1720984901651,305.55600941225276,325.8090534644511,218.86294867330048,716.3832455653155,588.0556572854393,596.6018045360704,891.2378799022744,447.53103123596475,525.9378273192607,519.0880260269913,702.6062629796445,276.2286262337206,976.4734866,67.20839771354466,519.0227072262232
555.1284500409025,550.5831091,525.4410197658262,1075.1123265606163,100.7536142222776,126.56464247767985,221.2288,185.52612309424137,684.1664128225307,653.0952448852228,319.5555642265073,1145.2312333802574,426.00077409096485,727.0057423070706,691.0684931588459,640.9090367104144,596.9659490907638,484.03822432946424,532.4714937158593,459.2311556288403,470.77858731066715,482.19106235560656,1047.7020909997057,163.8621490602946,1422.7894700519732,500.8794053204791,519.2509978842096,953.7073897,857.2008058780153,873.6610906113189,538.2798609798613,571.2911775230464,303.4578716661641,478.9925325054037,669.4690871430159,0,382.47667991939335,1017.6112868580194,678.3324743865477,641.4156460581128,254.71505963875782,674.0107073,650.9069394682156,1039.9506463588937,439.7922145638487,506.26780822601916,744.6807312700305,778.6339672135131,754.4397329966724,359.38522846672254,428.60172230935206,1094.9777200715064,502.05598919763054,506.1956211055957,1241.2691515770962,317.90403210018684,1114.065401673931,1137.8436678942091,298.4613856,364.12631748811805,418.9980667910895,408.89725791043725,417.8363741240588,852.3015222177212,126.4390466122276,167.73895144539532,562.5851313184899,106.36287078246706,974.5295466178274,982.6985573339246,934.2505173286031,113.51777263337446,321.93968698120074,518.8151858872344,530.2507332215179,489.45667137077953,875.2703815829772,559.2523945,600.062153,840.4919808779172,587.9658462973732,639.0680014791757,473.2428294948278,473.5252381353579,426.6758527,539.8555590929219,205.76448871112106,380.2165164198643,795.7319538,417.9357706,241.39585803609336,667.1962747347169,693.0428079275106,408.7806861464289,471.4758186621206,1327.3826453328395,736.6774848565606,660.2811546416796
213.4678979585791,230.9050338743838,544.8133234525757,856.8033278288169,484.3246651383976,510.1356933937999,187.8575589,210.08038370572748,365.05089476080195,321.0588840430358,703.1266151426273,1002.8948388233476,98.63019094175391,519.8257752,483.8885260429534,277.9161415278289,230.53047998788506,347.4711225962213,387.79682370200953,235.20100998052231,241.9342916875742,224.02543584702613,874.2729337108477,380.9433905420766,1243.4406961308719,178.49039153108546,145.89347881991299,728.0790486147778,638.8918071,655.3520918795195,331.09989386396865,364.1112104071537,252.8958955021717,796.5843595120975,366.04767086334493,383.5710509,0,799.3022881262201,458.92456902482843,433.01159138150314,638.2861105548778,332.3501552019716,304.08825374223903,897.6142518019838,71.06086348254873,127.22357403155193,519.0523901705722,553.0056261,528.8113918972141,167.46418370771568,244.12016178017322,793.2567339,160.3954371153071,199.92439151828063,1022.9601528452968,102.58077548073341,971.7290071170213,995.5072733372991,308.06047958381123,161.51743457012353,192.54413715184992,206.28837499244275,176.98209223089682,645.1215551018286,433.5763889292868,392.2764841,303.9830724110194,289.70351627391767,832.1931520609174,840.3621627770146,715.9415185968038,487.1931497009006,199.0330269597251,276.57230399108835,294.3170443267519,282.27670425488685,551.7783979766294,217.01353349026977,231.57130144921896,614.8636398,246.3052942150498,299.12570505419774,175.15516762408663,179.00469007993806,153.65896415877017,182.3402216,589.3355396272412,399.58882010661387,576.3240484481487,801.5068215350549,318.6195775054211,460.01630761882444,485.8628408116181,568.3570021265782,102.84690607581959,1109.0736466010399,432.1376878826099,453.10118752578694
663.7298251,627.7112643,1163.4413829045654,122.44941936676653,1021.402638517814,1067.344621605038,841.1087927887918,863.3316176034043,733.4282565569396,689.4362458391734,1223.0188957830105,343.75142831200026,696.4408506216055,403.8379445159464,360.1244881188272,616.3915182100484,647.6314925259265,830.9866133663769,812.2555223,584.4019823780177,562.0625692,587.8929872158063,211.80603628538142,924.3745267077477,509.0867876688214,764.7980542321051,722.8142439152535,515.0348889190828,193.99002735316475,192.79889595690116,507.99882998724775,475.88376099499766,940.3323051781128,1296.9641483148791,644.9515686426499,1036.8222848137968,789.4775056751754,0,375.83106421672755,422.17459424405484,1158.1783911952612,694.8737999978399,650.8792184293815,254.12891503309817,793.1061100052973,733.3764129305956,323.7755120434657,344.80029062406703,314.01651031682377,891.2125529861559,858.3968778219435,656.3052192763531,668.1855401977607,635.5221772,288.60624438324635,869.5534681828075,312.5855966056742,336.3638628,932.2781857758939,679.6797239872194,636.4007438803826,623.4183699867887,629.2664288,481.58376385260954,957.5529005135919,916.2529956804243,728.4417710362687,942.9547501715946,173.04974154957037,146.80250261960015,116.54175531159127,990.1597084343452,843.3897763647835,520.2409873212899,533.1266482898419,590.0651177560045,910.3688495845136,728.6673441115928,733.2917937730764,401.8194800827639,696.5672213761427,692.5487673812429,649.0962606607206,643.8048648131658,659.3429631012563,718.8404392962382,1146.544467838479,1018.2168795586034,261.6517840805115,1321.399102175438,877.6922535091288,383.99670654295613,367.5098941339176,1132.7674852528087,743.2484146731765,374.71973813898944,712.1599663561944,436.41414654044246
287.8987609029444,251.88020007305758,925.6973758956785,399.5712988254627,761.7448348193464,787.5558630747488,465.27772857206384,487.50055338667636,626.3591077966091,582.3670970788429,980.5467848235761,562.1435283646598,320.6097864048781,146.87308447775456,80.31149907245579,435.90853894161665,421.2313499599995,708.3311701231034,689.6000790839855,208.57091816129025,186.23150500763646,212.06192299907892,417.0409047074936,663.1351627329992,786.2086671275175,491.7729496369135,447.69673420188906,294.32995882990775,181.65977814286177,198.12006287616538,132.16776577052013,100.05269677827006,633.7799479452744,1139.9837531024725,479.3698860308975,660.9912205970688,413.6464414584482,342.0702591228659,0,46.343530027327304,915.7062802358266,403.88846772831704,383.67725033025744,456.86294134329626,436.35141435560547,429.02682941352805,73.41341080377744,107.36664674726018,81.68747881,548.3482362,625.0042142232767,435.6002891871782,292.354476,259.69111297142126,565.7281238419424,493.72240396607987,530.9776966583336,554.7559628786115,688.9445320269139,303.8486597704917,260.56967966365494,247.5873057700609,253.43536456860738,289.89606100277786,732.5743128829494,729.2912141,605.7863277929953,567.1236859548666,391.4418416022297,385.70179753326875,258.7094895934496,764.6133193818494,467.5587121480557,144.40992310456235,157.29558407311427,214.23405353927708,764.3500528108906,518.8167888722459,533.3745568,181.11454999358884,320.73615715941503,316.7177031645153,273.2651964439932,267.9738005964382,283.5118988845289,346.4911717534839,866.7557093081901,780.4728725497166,119.0920194447945,1078.9269912160034,696.5017593044794,56.43928064832678,39.885700914241205,949.2410545696808,367.4173504564492,651.8416175976855,546.5782837444422,116.03129187777786
270.03626234178233,234.01770151189558,902.3208780578863,454.4746389504087,734.7894065160635,760.6004348,438.3223002687809,460.54512508339343,608.4966092354471,564.5045985176808,953.5913565202933,617.0468684896058,297.2332885670858,172.2650742007145,111.17839118354763,418.0460403804546,402.4779024100401,689.5777226,670.8466315340261,185.19442032349798,162.85500716984419,188.68542516128664,471.94424483243967,636.1797344297164,841.1120072524634,473.01950208695405,428.9432866519296,349.2332989548537,236.56311826780777,253.02340300111138,91.80500518074551,59.68993618849549,610.4034501074822,1113.0283247991897,461.5073874697354,634.0357923,390.2699436206559,396.9735992478119,56.59588014642029,0,888.7508519325438,386.0259692,365.8147517690954,511.76628146824225,412.9749165178132,410.2733818635686,128.31675092872342,162.26998687220612,136.59081893855898,524.9717383130268,601.6277163854844,490.50362931212413,273.60102843107353,236.31461513362896,620.6314639668883,470.3459061282876,585.8810367832796,609.6593030035574,665.5680341891216,279.82237416588646,237.19318182586267,222.66491364791838,230.0588667308151,315.2880507257378,705.6188845796665,702.3357857710922,587.0328802430358,540.1682576515838,446.3451817271757,440.6051376582148,313.6128297183956,737.6578910785665,440.60328384477276,121.03342526677008,116.93282348333969,183.3165649952646,746.4875542497284,500.0633413222864,514.6211092812356,236.01789011853475,302.8736586,298.85520460335323,249.88869860620093,244.59730275864592,260.13540104673666,327.73772420352446,839.8002810049073,757.0963747119243,173.9953595697405,1051.9715629127206,669.5463310011964,87.30617275941862,94.74344322608319,925.8645567318886,344.0408526186569,706.7449577226314,528.7157851832801,129.49884913686725
809.8435096796607,805.2981687691247,649.8759475,1238.3435182232172,153.96144541648022,173.69458468976973,475.94385962484284,440.24118273299916,780.0586612588353,748.9874933215274,64.84050458774938,1241.1234818165617,680.7158337297229,981.7208019458285,945.7835527976038,736.8012851,768.0412594625972,615.1673762500574,663.6006456364526,713.9462152675983,725.4936469494252,736.9061219943645,1143.5943394360097,356.88827578965896,1518.6817184882775,702.2228145898929,727.0950454277261,1208.4224493529941,1111.915865516773,1128.3761502500768,792.9949206186192,826.0062371618043,438.9169919523205,262.89684484950493,765.3613355793206,254.71505963875785,637.1917395581511,1115.894098856451,933.0475340253057,896.1307056968708,0,815.2835669345105,771.2889853660521,1135.8428947951982,658.3685126776554,720.8268652519412,999.3957909087884,1033.3490268522712,1009.1547926354303,524.3487037467761,564.0608425955085,1293.5265985523638,756.7710488363887,760.9106807443534,1404.500343239697,551.9959090225042,1209.9576501102354,1233.7359163305134,429.59053747371024,618.8413771268761,673.7131264298475,663.6123175491952,672.5514337628168,1107.0165818564792,269.20354580583165,310.5034506389994,673.0552856418259,361.0779304212249,1070.4217950541315,1078.5908057702288,1174.747208321185,210.3352637123033,576.6547466199588,773.5302455259924,784.9657928602758,744.1717310095373,971.1626300192818,673.2808587,712.1248432159307,1095.2070405166753,834.2300785368944,887.9992598275365,727.9578891335857,728.2402977741157,681.3909123107148,777.7064003741305,94.49473846,515.5292312564195,1050.447013448626,163.22071098017705,375.0046052069451,921.9113343734748,947.7578675662685,500.67039499188667,705.3007560691145,1478.438411049805,832.5697332928651,914.9962142804375
123.16587633568818,180.24807716109032,804.3330436870889,741.8264254810151,701.4703030090918,747.4122861,488.55020741756493,510.77303223217746,286.6764390348096,242.68442831704348,903.0865602742887,849.3874441,280.2651895,513.1584270070533,471.7413961172848,121.33644486746361,154.8080758447103,480.62006353864234,461.8889724995243,278.3190030726758,258.5762143531578,239.36346909575798,751.8583017322982,604.4421911990256,1126.9456807845656,304.80629784867176,262.8224875318204,422.5233699367371,523.9149047984142,553.0410930731283,324.4325457,357.44386222302904,512.4156157366848,977.0318128,139.6872172690983,684.2636994,328.8804003149393,684.3253857784183,391.42989704482903,373.9417727914117,838.2460556865392,0,43.99458156845824,744.1068570914861,300.74157283149066,260.3263594424958,423.2483405281987,413.0325652774009,433.00734225484064,426.98390394222884,503.6398820146861,486.5722922981702,186.96089898583836,186.82898603010636,907.9832505,397.9836989509584,818.2216124065236,841.9998786268014,567.5801998183242,330.2964722151234,302.38851430562465,313.5723473394675,294.05502043578315,638.4542069177039,637.6205650048698,596.3206601717022,378.0752212085342,590.3961648003677,678.6857573504197,686.8547681,600.9646162,670.2273729256232,490.83119099355685,268.4392978518487,286.1840381875123,300.1424920104216,424.6673840490912,318.15692492062345,273.3000373896434,345.4025972,86.04486098692169,81.04495357334255,219.58323060560417,232.9671415,253.22018557989014,177.79070178245166,826.6121323297574,659.1085403,480.5624895538031,1001.4667666667162,557.7599180004067,447.86917769315585,431.31559795907026,812.8351497440865,252.59048614836422,994.0967442532381,206.89561498264294,446.4338393416623
100.06210851960888,157.90899546781594,769.4290985974786,777.4917463691567,657.4757214406336,703.4177045278578,464.0921258070405,486.3149506,242.68185746635143,198.68984674858527,859.0919787058305,805.3928625443917,251.8473320434085,490.0546592,454.11741004274944,77.34186329900538,110.81349427625211,436.62548197018424,417.89439093106614,255.2152352565965,235.4724465370785,216.25970127967867,707.8637202,560.4476096305675,1082.9510992161074,260.81171628021355,218.82790596336216,458.18869082487885,559.5802256865558,579.9372122668011,301.3287778637647,334.34009440694973,477.5116706470745,933.0372312376987,95.6926357,659.8056178320455,296.0030975682406,680.1634795842808,383.5096894,366.0215651586927,794.2514741,43.994581568458244,0,700.1122755230278,265.83762774188045,225.42241435288565,443.6375105578537,448.69788616554257,453.39651228449566,392.07995885261863,464.03574642575086,522.2376131863119,162.35317243562298,163.72521821402705,943.6485713856364,365.1063962042596,774.2270308380654,798.0052970583432,532.6762547,307.19270439904415,279.28474648954546,290.4685795233882,270.95125261970395,615.3504391016246,593.6259834364117,552.3260786032441,334.0806396,565.9380831898433,634.6911757819615,642.8601864980587,636.6299371371435,626.2327914,466.3731093830324,245.3355300357694,263.08027037143296,277.03872419434236,380.6728024806329,274.1623433521652,229.30545582118523,381.06791805534067,62.94109317084239,116.71027446148427,196.4794627895249,209.8633737116127,230.11641776381086,142.88675669284152,782.6175507612992,624.2045952515167,500.90916883543025,957.4721851,513.7653364319486,430.2451916186205,423.3953903263512,768.8405681756284,219.71318340166556,1029.7620651413795,162.90103341418475,423.3300715
750.5638049316008,714.5452441017138,1182.918960218605,353.0551446074676,1040.8802158318535,1086.8221989190772,927.9427726007204,950.1655974,752.9058338709791,708.9138231532129,1242.496473,115.54323922974571,783.2748304335341,490.6719243278751,446.9584679307559,635.8690955240879,667.1090698399661,850.4641906804164,831.7330996412985,671.2359621899463,648.8965490362926,674.726967,103.49108320532413,943.8521040217872,633.3933448725276,784.2756315461446,742.2918212292931,616.2234466405965,300.7021178978288,280.48149894877656,594.8328097991766,562.7177408069265,959.8098824921524,1316.4417256289187,664.4291459566895,1062.7567905786052,860.9350937778866,230.60572524070102,462.6650440286563,509.0085740559836,1177.6559685093007,714.3513773118794,670.3567957,0,812.5836873193368,752.8539902446352,420.0151759143769,443.84114148177775,410.2561742,910.6901303001954,877.8744551,757.4937769978668,755.0195200096895,722.3561570000777,519.2119696239473,922.7987905338586,252.8802631,174.04186230950592,951.7557630899335,766.5137037991481,723.2347236923113,710.2523497987173,716.1004085972637,568.4177436645382,977.0304778276314,935.7305729944638,747.9193483503083,1009.2451511339558,104.51327184949827,177.58669114376772,289.4588347054349,1009.6372857483848,930.2237561767122,607.0749671332186,619.9606281017708,676.8990975679332,929.8464268985531,748.1449214256323,752.7693710871159,503.0080378042777,733.2978889142634,779.3827471931718,735.9302404726493,730.6388446250944,746.1769429131849,738.3180166102777,1166.0220451525183,1037.694456872643,362.3904811444402,1340.8766794894775,897.1698308231684,470.83068635488485,454.3438739458463,1152.2450625668482,779.9275829198499,593.1500374,731.6375437,523.2481263523712
201.0046345692832,218.44177048508791,511.34778204777064,844.3400644395209,524.7935112614821,567.4512280382551,230.70592817220862,267.3959183501828,304.30291439142036,260.3109036736542,726.4097685266789,943.6070231893915,128.36363516328976,520.2366386457511,484.29938949752653,218.6283258938727,171.24266435392877,314.0055811914161,327.04884333262805,262.0235474016767,255.32263197866234,222.9706413464843,846.0778808088397,384.71405208852616,1221.1652598611072,118.15493631261789,85.14549845053142,707.7904393027243,626.4285438,642.8888284902235,331.5107573185418,364.5220738617268,219.43035409736655,800.3550210585472,306.75985522938873,440.88658556057527,71.06086348254874,786.8390247369241,446.46130563553254,428.97318138211523,661.5692639389295,301.14583056681136,266.2418854772012,838.3264361680276,0,66.47559366217037,506.58912678127626,540.5423627,516.3481285079182,133.99864230291053,210.65462037536807,771.8393616641574,147.9321737260112,187.46112812898474,1010.4968894560006,124.22212816164549,912.4411914830652,936.2194577,274.5949381790061,217.99505778028302,223.0705961,254.01133722382525,210.48495736275825,645.5324185564017,410.4045870130248,369.10468217985704,243.23509204163784,347.01905091837295,772.9053364269613,781.0743471430585,703.4782552075078,469.2728691065533,270.09389044227396,275.5175094905465,293.26224982621005,296.8568766550419,491.0304176072478,156.26555312088823,170.8233210798374,602.4003763891632,233.8420308257539,286.66244166490185,162.6919042347907,178.98420102926713,166.77114095743593,123.35512878435976,646.6510742716964,366.12327870180866,563.8607850588527,824.7899749191065,295.44777558915905,460.4271710733976,486.27370426619126,534.8914607217731,68.93406389915617,1096.6103832117437,372.84987224865364,453.5120509803601
174.1503545220304,191.5874904378351,569.8269943557749,817.4857843922682,583.2727235694865,629.2147066567106,293.93764966830696,330.62763984628117,254.26743717656714,210.27542645880098,784.8889808346833,883.7932423734818,161.21085691387995,513.0849024416334,477.14765329340884,162.93687486604833,115.5512133261044,295.74445715689296,277.0133661,255.13097657091544,248.43006114790109,216.07807051572306,786.2641,443.1932643965305,1161.3514790451975,79.18623667070267,35.11002123567821,652.0989882748999,599.5742637096673,616.0345484429708,324.3590211144241,357.3703376576091,277.9095664053709,858.8342333665514,251.06840420156428,504.1183070566737,134.29258497864708,758.5638594133709,419.6070255882797,402.1189013348624,720.0484762469338,245.45437953898693,210.55043444937684,778.5126553521179,63.23172149609836,0,479.73484673402345,513.6880826775061,489.4938484606654,192.47785461091502,269.13383268337253,716.1479106,123.05915143391222,162.8004719,983.6426094087481,187.45384965774383,852.6274106671555,876.4056768874333,333.07415048701046,229.2830985034998,233.69493810132528,264.63567926764756,221.10929940658053,638.3806824,468.88379932102913,427.58389448786136,193.19961482678465,410.2507724144714,713.0915556110516,721.2605663271488,676.6239751602551,527.7520814145576,333.3256119383721,268.3657732864288,286.11051362209236,289.96430582428064,440.99494039239465,106.23007590603501,120.78784386498421,574.9782155053617,197.58319878127034,259.8081616176491,173.3162463,189.6085430730894,177.3954830012582,67.66367775653542,708.4145529,424.6024910098131,537.006505,883.2691872271108,353.9269878971634,453.2754348692799,459.49272650252095,593.3706730297774,96.91992219333761,1069.7561031644912,313.0360914327439,446.3603147762424
349.9164129475283,313.89785211764143,987.7150279402625,347.6970054,823.7624868639302,849.5735151193327,527.2953806166478,549.5182054312603,688.3767598411929,644.3847491234267,1042.564437,517.9880001070948,382.6274384494621,131.9686396915456,74.01100043118063,497.92619098620054,483.2490020045834,770.3488221676873,751.6177311285694,270.5885702058741,248.24915705222028,274.07957504366277,372.8853764499288,725.1528147775831,734.3343736749569,553.7906016814976,509.7143862,254.14005496649835,129.78548469030105,153.9645346186005,194.18541781510402,162.07034882285404,695.7975999898584,1202.0014051470564,541.3875380754814,723.0088726416527,475.6640935030322,290.1959656703051,73.41341080377744,111.52561098632668,977.7239322804105,423.2483405281987,445.6949023748413,412.70741308573145,498.36906640018947,491.0444815,0,48.31577178540434,9.759001726641955,610.3658882,687.0218662678608,395.41038532376876,354.3721280256169,321.70876501600526,513.8538303893818,555.7400560106637,486.82216840076876,510.6004346210466,750.9621840714979,365.86631181507556,322.58733170823876,309.6049578146448,315.45301661319127,274.4142502183142,794.5919649275332,791.3088661189589,667.8039798375792,629.1413379994505,347.2863133446649,333.82750408070797,206.83519614088885,826.6309714264332,529.5763641926397,206.4275751491462,219.3132361176982,276.25170558386094,826.3677048554745,580.8344409168297,595.3922089,140.9246461301794,382.7538092039989,378.7353552090991,335.28284848857703,329.9914526,345.5295509291129,408.50882379806785,928.7733614,842.4905245943006,62.12372796295428,1140.9446432605876,758.5194113490634,97.25988066301332,73.28823666360609,1011.2587066142648,429.4350025010332,599.9673241451248,608.5959358,149.67732066049967
373.9756022967334,337.9570414668466,1011.7742172894676,367.5143326381194,847.8216762131356,873.6327045,551.3545699658531,573.5773947804656,688.9368870312658,644.9448763134995,1066.6236262173652,537.8053273723121,406.6866277986672,151.78596695676302,93.82832769639806,521.9853803354057,507.3081913537886,794.4080115168924,775.6769204777745,294.6477595550792,272.3083464014254,298.13876439286787,392.70270371514624,749.2120041267884,754.1517009401742,577.8497910307027,533.7735755956782,239.0866208115493,149.6028119555185,173.78186188381795,218.24460716430912,186.12953817205914,719.8567893390635,1226.0605944962617,541.9476652655543,747.068062,499.7232828522373,310.0132929355226,97.47260015,135.58480033553184,1001.7831216296158,410.58970867677243,446.2550295649142,432.52474035094883,522.4282557493946,515.1036708073171,29.26781729,0,29.576328991859405,634.4250775446081,711.0810556170659,380.35695116881976,378.4313173748221,345.7679543652104,533.6711576545991,579.7992453598688,506.63949566598615,530.4177618862641,775.0213734,389.92550116428066,346.64652105744386,333.6641471638499,339.51220596239637,294.2315774835316,818.6511542767386,815.3680554681642,691.8631691867843,653.2005273486558,367.1036406098823,353.6448313459254,226.6525234061063,850.6901607756386,553.6355535418448,230.48676449835136,243.3724254669033,300.3108949330661,826.9278320455472,604.8936302660348,619.4513982249841,125.87121197523035,406.81299855320407,402.79454455830427,359.3420378377822,354.0506419902272,369.58874027831797,432.5680131,952.8325507019794,866.5497139435057,81.94105522817173,1165.0038326097927,782.5786006982687,117.07720792823075,93.10556392882351,1035.317896,453.4941918502383,619.7846514103422,609.1560629790988,169.4946479257171
359.6754146741702,323.6568538442834,997.4740296669044,337.9380036462601,833.5214885905723,859.3325168459747,537.0543823432898,559.2772071579024,698.1357615678347,654.1437508500685,1052.323438594802,508.2289983804528,392.38644017610403,132.27715139777428,74.31951213740933,507.6851927128425,493.00800373122536,780.1078238943293,761.3767328552113,280.3475719,258.00815877886225,283.8385767703047,363.12637472328686,734.9118165042252,724.5753719483149,563.5496034081394,519.473388,263.89905669314027,120.0264829636591,144.20553289195857,203.94441954174596,171.82935054949596,705.5566017165003,1211.7604068736985,551.1465398021232,732.7678743682948,485.4230952296741,280.43696394366316,81.91791845264476,121.28461271296862,987.4829340070526,433.00734225484064,455.45390410148326,402.94841135908945,508.1280681268314,500.80348318475393,9.759001726641955,58.07477351204628,0,620.1248899220449,696.7808679945026,405.1693870504107,364.13112975225886,331.4677667426472,504.0948286627398,565.4990577373057,477.0631666741267,500.84143289440453,760.7211857981397,375.6253135417175,332.3463334348807,319.36395954128676,325.2120183398332,264.65524849167224,804.3509666541753,801.0678678,677.5629815642211,638.9003397260925,337.5273116180229,324.0685024,197.0761944142469,836.3899731530753,539.3353659192817,216.18657687578818,229.07223784434012,286.01070731050294,836.1267065821163,590.5934426434717,605.1512106,150.68364785682135,392.51281093064085,388.49435693574105,345.0418502,339.75045436766396,355.2885526557548,418.2678255247098,938.5323630794161,852.2495263209424,52.36472623631232,1150.7036449872294,768.2784130757054,97.56839236924203,73.59674836983478,1021.0177083409067,439.1940042276751,590.2083224184829,618.3549375156679,149.9858323667284
313.022623,330.4597589082708,377.34913974485994,956.3580528627041,390.79486895857144,436.7368520457955,164.99729531877867,179.00326058146499,358.9518160129031,327.8806480755953,592.4111262237682,1016.598766486963,240.38162358647256,632.2546270689339,596.3173779207092,348.63089373686745,301.2452321969235,219.23836583898233,291.3611336144008,374.0415358248596,367.3406204018451,334.98862976966717,919.0696241064112,250.71540978561544,1294.157003158679,177.87411084311708,202.74634168094997,827.6337736486649,738.4465321801032,754.9068169134067,443.5287457417247,476.54006228490977,85.43171179445594,666.3563787556366,436.76242307238346,360.26302131873274,167.8822811745958,891.3693835268521,558.4792940587156,540.9911698052981,527.5706216360187,431.1483984098063,396.2444533201961,911.3181794655991,134.01980893087955,196.47816150516513,618.6071152044594,652.5603511,628.3661169311014,0,77.09450536,892.8114589596978,259.9501621491941,299.4791165521676,1122.514877879184,104.8911960581416,985.4329347806366,1009.2112010009145,140.5962958760954,323.98546091321606,335.08858448068577,366.0293256470081,322.5029457859411,757.5504069795845,276.40594471011406,235.1060398769463,230.6038018725085,266.3954866765305,845.8970797245328,854.0660904,815.4962436,335.27422680364253,273.1588133285713,387.53549791372944,405.2802382,408.87486507822473,550.0557847733497,236.2471000275021,277.0568585215049,714.4183648123461,345.8600192489366,398.68043008808456,274.7098926579735,291.0021894524499,278.78912938061865,253.35769662735458,515.9366982792367,232.12463639889802,675.8787734820359,690.7913326161957,161.4491332862483,572.4451594965802,598.2916926893739,400.8928184188625,180.95205232233894,1208.6283716349274,499.3005421745905,565.5300394035429
390.11712835047035,407.55426426627514,418.12076852744116,972.4813251296226,431.5664977411527,477.5084808283768,242.09180067678312,256.0977659394695,317.6143382489072,286.54317031159934,633.1827550063495,975.2612887229669,317.4761289444769,709.3491324269384,673.4118832787136,391.7826984490191,378.3397375549279,146.56075942371035,218.68352719912878,451.1360412,444.43512575984954,412.0831351276716,877.7321463424151,291.48703856819674,1252.8195253946828,254.9686162011216,279.84084703895445,904.7282790066693,815.5410375381075,832.0013223,520.6232511,553.6345676429141,126.20334057703721,707.1280075382178,431.31256312544235,429.66121224320113,244.97678653260022,850.0319058,635.5737994167199,618.0856751633024,568.3422504,506.1095350020795,462.1149534336212,869.9807017,211.1143143,273.5726668631696,695.7016205624637,729.6548565059464,705.4606222891057,77.09450536,0,969.9059643,337.0446675071985,376.57362191017205,1138.6381501461026,181.9857014161461,944.0954570166406,967.8737232369184,181.36792465867669,401.0799662712206,412.1830898386901,443.1238310050124,399.5974511439454,834.6449123,317.1775734926954,275.8776686595276,189.2663241085126,343.489992,804.5596019605367,812.7286126766339,892.5907489886953,376.0458555862238,350.2533186865758,464.63000327173387,482.3747436073974,485.96937043622916,508.7183070093538,210.83653570722183,249.6805202060026,791.5128701703504,422.9545246,475.7749354,351.80439801597794,368.0966948104543,355.88363473862296,330.45220198535895,556.7083270618181,272.8962651814793,752.9732788400402,731.5629614,202.22076206882957,649.5396648545847,675.3861980473783,441.66444720144375,258.04655768034337,1212.5762179562103,472.75267389355537,642.6245447615473
584.0724550595277,634.1002966,1275.0265747844346,680.2267126057895,1169.5886743499611,1195.3997026053626,873.1215681026781,895.3443929172906,764.9194706526636,720.9274599348973,1381.3295918921424,855.4648456863973,728.4536259354918,524.5739602763886,466.61632101602356,599.5794764853173,633.0511075,958.8630951564959,940.1320041,616.4147577,594.0753445382503,619.9057625296927,710.3622220292307,1070.9790022636137,1066.8640809078445,783.0493294665258,741.0655191496743,141.2703303572704,462.31519192318865,491.4413801979027,544.4824066165804,512.3673376243303,983.1091468340302,1455.2748444240108,617.9302489,1068.8350601276832,799.5739314122852,622.7256729031927,435.60028918717836,461.8225998,1316.489087304393,486.57229229817017,522.2376131863119,750.1842586650336,771.4351039,731.0198905398421,395.4103853237688,372.7879933196254,402.3643223114849,897.6774350395748,974.3334131120325,0,647.8674777096782,647.7355647539459,846.3835376222694,868.6772300483042,824.2990139800711,848.0772802003489,1038.2737309156698,711.6924993011057,668.4135191942689,655.4311453,661.2792040992214,646.0526764101166,1115.8635966227237,1074.5636917895558,856.3182528263877,974.9675254854809,684.7631589239672,666.3572113135957,539.3649033737764,1148.4704045434776,875.4025516786699,552.2537626351763,569.6102249191746,622.0778930698908,902.9104156669449,796.3999565384771,751.5430690074971,254.48573919358938,546.9514397107612,534.8971730067715,680.4898093294438,675.8176401270521,691.3557384151426,648.4842328797979,1274.5995488388037,1129.8020714384727,418.96277667857754,1479.7097982845698,1036.0029496182606,489.8652012478562,465.8935572,1291.0781813619403,723.2840172457102,932.4970313780125,685.1386466004965,542.2826412453425
53.07246084327199,70.50959676,640.0782279680317,696.4078907135098,609.3416990429309,635.1527272983334,312.8745927956483,335.09741761026083,346.66327534234836,302.6712646245822,828.1436490471607,858.9801203,100.62979903201644,392.00700876287505,356.0697596146505,178.3383220912699,130.95266055132598,415.9766941420708,397.24560310295277,134.05308289215702,127.35216746914266,95.00017683696464,713.8774965955405,505.55403039273955,1083.0452590155646,199.4184736558807,155.34225822085622,567.6836114994709,478.49637003090885,494.95665476421243,203.2811274356657,236.29244397885074,348.16080001762765,921.1949993627604,244.5435859712251,508.58808482065336,158.08811669537704,638.906851,298.5291319095213,281.0410077,763.3031444594112,171.9547180866643,148.85095027058503,753.6995332313433,150.73226642795805,136.67235343249516,358.65695305526503,392.61018899874773,368.4159548,262.7290882231718,339.3850662956292,632.8612968105039,0,41.72257819027058,862.5647157299895,227.19141533139617,827.8142885463808,851.5925547666586,403.3253840992672,158.43572548039518,147.43619782741368,169.3064271589487,139.10270395757217,517.3027886735257,539.1350329332857,497.83512810011814,313.43185181196264,414.72055017845105,688.2784334902769,682.5383894,555.5460814814967,598.0033150268139,315.15557637164017,147.28787960767042,165.03261994333403,168.88641214552223,523.6038683699223,226.4623129,241.0200808501622,454.46820266315194,85.90985709974262,138.73026793889065,64.63091412739321,80.92321092186963,91.56525986232577,54.13669577245101,714.3525735317747,494.85372462206976,415.92861133284157,926.5238554395883,424.17822150942015,332.1975411905215,338.41483282376254,663.6219066420342,81.79820252880191,948.6782094857326,311.7519836847697,325.2824211
59.30046800178457,44.38748802,679.6416397583671,665.6560767080101,613.3731212587822,639.1841495141847,316.90601501149973,339.12883982611226,387.35984276341867,343.3678320456525,832.1750713,828.2283062472076,112.96165832222272,350.54359594596093,314.6063467977363,199.1282991,171.64922797239626,456.6732615631411,437.9421705240231,92.33050470188641,85.62958927887205,53.277598646694045,683.1256825900409,514.7634491724351,1052.293445010065,240.1150410769509,196.03882564192645,536.9317974939712,447.7445560254092,464.2048407587128,161.81771461875155,194.8290311619366,387.72421180796306,960.7584112,250.77159312973768,512.6195070365047,197.65152848571245,608.1550370054133,267.7773179040217,250.2891936506044,767.3345666752625,178.18272524517687,155.0789574290976,722.9477192258437,190.29567821829352,177.36892085356538,327.9051390497654,361.8583749932481,337.66414077640735,302.2925000135072,378.94847808596455,639.0893039690164,40.696567421070284,0,831.8129017244898,266.7548271217316,797.0624745408812,820.8407408,442.8887958896026,154.55258687220362,122.21189588928299,127.58384896867814,113.87840201944147,475.83937585661164,578.6984447236213,537.3985398904537,354.12841923303296,418.75197239430247,657.5266194847774,651.7865754158163,524.7942675,616.2416058212852,319.1869985874916,105.82446679075629,123.56920712641987,127.16383395525162,535.7517599097307,267.1588803122832,281.71664827123243,423.71638865765226,92.13786425825522,137.15454643898983,41.37180117866015,46.34049408539422,81.57599317382508,94.83326319352128,718.3839957,534.4171364124052,385.17679732734194,930.5552776554396,463.74163329975556,290.73412837360735,307.6630188182629,703.1853184323695,121.36161431913733,917.9263954802329,317.9799908432823,283.8190082805699
856.7576372269734,820.7390763970865,1356.4691950118668,166.15682501647976,1214.4304506251158,1260.3724337123394,1034.136604896093,1056.3594297107056,926.4560687,882.4640579464748,1416.0467078903123,601.4639074462674,889.4686627289068,596.8657566,553.1523002261288,809.4193303173498,840.6593046,1024.0144254736783,1005.2833344345604,777.4297945,755.0903813316653,780.9207993231076,469.5185154196484,1117.4023388150495,220.48054328557515,957.8258663394064,915.842056,708.0627010263843,387.0178394604662,386.67533124414933,701.0266420945493,668.9115731022991,1133.3601172854142,1489.9919604221807,837.9793807499514,1229.8500969210982,982.5053177824767,295.4366551140815,568.8588763,615.2024063513562,1351.206203302563,887.9016121051413,843.9070305366829,511.84139416736497,986.1339221125987,926.404225,516.8033241507671,537.8281027313685,507.0443224241252,1084.2403650934573,1051.4246899292452,849.3330313836544,861.2133523050621,828.5499892954504,0,1062.581280290109,570.2980757,594.0763419602189,1125.3059978831952,872.7075360945207,829.4285559876839,816.4461821,822.2942408926364,674.611576,1150.5807126208936,1109.2808077877257,921.4695831435702,1135.982562278896,430.76222068383726,404.5149817538671,308.6292837752719,1183.1875205416475,1036.4175884720848,713.2687994285913,726.1544603971435,783.0929298633058,1103.3966616918149,921.6951562188942,926.3196058803778,594.8472921900654,889.5950334834441,885.5765794885444,842.1240728,836.8326769204671,852.3707752085576,911.8682514035396,1339.5722799457806,1211.2446916659048,454.67959618781293,1514.4269142827397,1070.7200656164302,577.0245186502577,560.5377062412191,1325.7952973601102,936.2762267804778,86.11349375574314,905.1877785,629.4419586477442
288.9541385239227,306.39127443972757,468.6035257815642,932.2895683941608,418.44207423429924,446.95842961505736,106.48380001056312,146.90311992698497,383.72977183619173,352.6586038988838,620.0583315,1041.3767223102516,180.45532393753487,589.2621211527475,553.324872,342.8504540555181,295.4647925155742,284.51669073143256,341.64130077612634,320.68886636958166,328.27096960300514,304.28268850944863,943.8475799296999,278.3626150613432,1318.9269366962162,184.37530011325154,203.6809114820064,803.5652891801216,714.3780477115599,730.8383324448635,400.5362398255382,433.54755636872324,189.1492722654503,694.0035840313642,430.98198339103413,320.39378713737744,99.32013609056655,874.7885287,534.4108095901723,503.67202490379003,555.2178269117466,407.83639576731514,379.57449430758265,936.0961352888878,124.22212816164543,190.69772182381578,594.5386307359161,628.4918666793986,604.2976325,103.71756047099429,180.81206582899878,868.7429744911544,235.88167768065082,275.41063208362436,1098.446393410641,0,1010.2108906039253,1033.989156824203,237.44032865289293,226.38269633379497,268.6156514521091,271.1536367561141,263.31877014632784,714.5579011,330.99561344855346,289.6957086153857,257.8275494851362,226.52625249517519,870.6750355478215,878.8440462639187,791.4277591621477,387.1991441508308,175.55604874915016,356.8295566535109,374.57429698917446,351.7130502164564,574.8337405966383,242.74828929763657,283.55804779163935,690.3498803438027,321.79153478039336,374.6119456195413,250.64140818943025,259.2619427423605,233.9162168211926,247.57725694600526,526.1582758484985,323.3790224356022,651.8102890134926,718.4385378919236,216.0388020246876,529.4526536,555.2991867731877,492.1472044555667,171.1543715531048,1184.5598871663842,497.07200041029904,522.5375334873564
895.3798137241158,859.3612528942289,1386.088601,419.31125237188684,1244.049857003749,1289.9918400909726,1072.758781393235,1094.9816062078476,956.0754750428741,912.0834643251079,1445.6661142689454,137.3370238708133,928.0908392260492,635.4879331203903,591.7744767232709,839.0387367,870.2787110118611,1053.6338318523112,1034.9027408131933,816.0519709824614,793.7125578288077,819.5429758,298.6830465801427,1147.0217451936826,653.0950826451859,987.4452727180395,945.4614624011881,746.6848775235266,425.64001595760857,424.4488845613449,739.6488185916917,707.5337495994415,1162.9795236640473,1519.6113668008138,867.5987871285845,1265.9264317505008,1021.1274942796191,296.8618330051203,607.4810528211714,653.8245828484986,1380.825609681196,917.5210184837745,873.5264369,244.39454878838674,1015.7533284912319,956.0236314165302,555.4255006479095,576.4502792,545.6664989212676,1113.8597714720906,1081.0440963078781,887.9552078807968,899.8355288022045,867.1721657925928,573.3875169444127,1101.2034567872515,0,80.73436678,1154.9254042618284,911.3297125916631,868.0507324848263,855.0683585912324,860.9164173897788,713.2337524570532,1180.2001189995267,1138.9002141663589,951.0889895222033,1174.604738776038,147.3304745491626,259.55853991889836,355.7149424698541,1212.8069269202806,1075.0397649692272,751.8909759257336,764.7766368942858,821.7151063604482,1133.016068070448,951.3145625975274,955.9390123,633.4694686872077,928.2172099805865,924.1987559856868,880.7462492651644,875.4548534176095,890.9929517,941.4876577821727,1369.1916863244137,1240.864098044538,493.3017726849553,1544.0463206613729,1100.3394719950634,615.6466951473999,599.1598827383615,1355.4147037387431,974.8984032776202,627.6191686348592,934.8071848421291,668.0641351448863
919.1580799443936,883.1395191145067,1356.9608225281108,443.08951859216467,1214.9220781413599,1260.8640612285835,1096.5370476135126,1118.7598724281252,926.9476961804851,882.9556854627189,1416.5383354065564,58.49862307976015,951.8691054,659.2661993406682,615.5527429435489,809.9109578335939,841.1509321,1024.5060529899224,1005.7749619508045,839.8302372027392,817.4908240490855,843.3212420405279,277.5329455,1117.8939663312935,691.6407422936095,958.3174938556505,916.3336835,770.4631437438044,449.4182821778864,448.22715078162275,763.4270848119695,731.3120158197194,1133.8517448016582,1490.4835879384248,838.4710082661954,1236.7986528881117,1034.9769560873924,320.6400992253981,631.2593190414492,677.6028490687764,1351.697830818807,888.3932396213854,844.3986581,174.04186230950583,986.6255496288428,926.8958525541411,579.2037668681875,600.2285454487887,569.4447651415455,1084.7319926097014,1051.9163174454893,911.7334741010746,923.6137950224823,890.9504320128706,597.1657831646905,1096.8406528433645,80.73436678334612,0,1125.7976253994393,935.1079788119409,891.8289987051041,878.8466248115102,884.6946836100566,737.0120186773312,1151.0723401371376,1109.7724353039698,921.9612106598142,1183.2870134434625,171.10874076944046,283.33680613917613,379.49320869013195,1183.6791480578916,1098.818031189505,775.6692421460115,788.5549031145637,845.4933726,1103.888289208059,922.1867837351383,926.8112333966219,657.2477349074856,907.3397512237693,947.9770222059647,904.5245154854422,899.2331196378873,914.7712179259778,912.3598789197837,1340.0639074620246,1211.736319182149,517.0800389052332,1514.9185417989838,1071.2116931326743,639.4249613676778,622.9381489586393,1326.2869248763543,953.9694452293559,651.3974348551369,905.6794059797401,691.8424013651643
453.6189188685614,471.0560547843662,236.75284386876456,1039.8386287297876,300.6227942500108,346.5647773372349,261.7631277352093,248.74644971696142,488.3454685604422,457.27430062313437,502.2390515152075,1042.618592323132,380.97791946256774,772.8509229450294,736.9136737968047,489.2271896129629,441.84152807301894,215.98266959729614,264.4159389836912,514.6378317009551,507.9369162779406,475.58492564576267,945.0894499425802,160.28721187811246,1320.176828994848,318.47040671921263,343.3426375570454,968.2300695247603,879.0428280561986,895.5031127895021,584.1250416178201,617.1363581610052,55.164584081639504,576.1843040470758,566.8564460858904,298.46138555311694,308.47857705069123,917.3892093630211,699.0755899,681.5874656813935,437.3985469274581,571.7446942859018,536.8407491962914,937.3380053017681,274.6161048,337.0744573812607,759.2034110805548,793.1566470240374,768.9624128071968,140.59629587609544,180.30843472482738,1033.4077548357932,400.54645802528955,440.0754124282631,1205.9954537462675,237.44032865289296,1011.4527606168057,1035.2310268370834,0,420.37487523190146,475.2466245348729,465.14581565422066,463.0992416620365,898.1467029,175.27126242788097,133.97135759471325,304.4442079651128,232.3751680939856,871.9169055607018,880.0859163,956.0925395067864,234.13954452140936,378.18824472498414,528.1317937898249,545.8765341254884,545.7052291145629,679.4494373208887,376.84339590359747,417.6531543976005,855.0146606884415,486.45631512503206,539.276726,415.3061885,431.5984853285454,419.38542525671403,393.95399250344997,425.7646235706761,91.52834052280264,816.4750693581312,600.6192579076351,60.314451004015226,713.0414553726757,738.8879885654694,260.29652254276704,321.54834819843444,1279.9335215563754,634.0648438,706.1263352796384
195.5255805196812,189.5471045766383,679.8035175209941,710.9860090724986,492.48186927898433,518.2928975343865,196.0147630317017,218.2375878463142,473.87403994495503,429.88202922718887,711.2838193,873.5582386116959,96.74100590877003,362.87942481895266,326.94217567072803,312.95417080142107,265.5685092614771,510.50526632123075,509.01665987334053,95.10483814072224,106.65226982254907,118.06474486748847,718.3706201155597,393.8721972,1097.6233773745535,311.18953042626833,267.11331499124384,589.5810722261181,493.0744883898977,509.53477312320126,174.1535434917433,207.16486003492835,415.9300392271812,870.7207875621104,386.9967056476343,391.7282550567067,172.56377311275426,653.4849693699018,314.20615689842987,277.28932856999506,646.4433146954646,314.40783776307364,291.3040699469943,768.2776515903321,218.50150563751174,248.4434102028828,380.5544137819122,414.5076497253949,390.31341550855416,330.4983274327253,407.1543055051826,730.8514025833882,161.03745346219517,145.15961655186712,877.1428340889784,247.94163373644372,842.3924069053696,866.1706731256475,448.64032039232285,0,54.93680375491735,44.77094042231919,53.77511108788661,488.1752047296033,463.3113473,460.0282485340127,425.2029085823504,297.8607204145044,702.8565518492658,697.1165077803048,570.1241998404855,495.35035384148733,198.29574660769364,154.6888683991164,166.12441573339984,125.3303538826615,652.1624560464736,338.23336966160065,352.7911376205498,476.3656633897991,228.3629767761519,278.03199692544734,112.20682494109931,112.48923358162939,78.41353666242601,207.99712001245769,597.4927437678278,534.5790141750322,431.6056363217501,809.6640256756416,427.23879376411753,303.0699572465991,328.91649043939276,692.7739045304337,156.14525357058332,963.2563278447215,454.20510336117894,296.15483715356163
162.9386098216654,156.96013387862257,695.1530494625557,697.0738527556707,507.83140122054596,533.6424294759482,211.36429497326338,233.58711978787588,482.62123981786795,438.62922910010184,726.6333512247757,859.6460823,115.51762387934252,348.96726850212474,313.0300193539001,302.76644096704484,266.91062502684554,528.2834138123685,519.9639269265784,63.24383166546288,74.79126334728971,86.15612888050336,704.4584637987317,409.2217291341986,1083.7112210577257,322.1367974795061,278.06058204448163,575.6689159092901,479.16233207306976,495.62261680637334,160.24138717491536,193.2527037181004,433.7081867183189,886.0703195,354.40973494961855,407.0777869982683,191.34039108332675,639.5728130530739,300.2940005816019,263.3771722531671,661.7928466370262,281.8208670650578,258.7170992489785,754.3654952735042,236.2796531286494,259.3906772561206,366.6422574650843,400.5954934,376.40125919172624,348.2764749,424.9324529963203,716.9392462665604,135.95796447551953,112.57264585385134,863.2306777721506,266.71825170701624,828.4802505885417,852.2585168088195,463.98985233388447,43.27898010683675,0,42.11135791431267,18.343182354039513,474.2630484127754,478.6608792841486,475.3777804755743,436.1501756355882,313.2102524,688.9443955324379,683.2043514634769,556.2120435236576,510.69988578304896,213.64527854925532,122.78025241213129,140.52499274779487,111.41819756583355,639.3899017296116,349.18063671483844,363.7384046737876,462.4535070729712,195.7760060781361,245.44502622743155,79.61985424308354,79.90226288361362,68.20872146752016,190.09466024797055,612.8422757093896,549.9285461165938,417.69348000492215,825.0135576172032,442.58832570567915,289.15780092977116,315.0043341225648,708.1234364719953,167.34558922949316,949.3441715278936,421.6181326631632,282.2426808367337
185.8718710936479,169.2426010488127,701.4791772912953,666.2150686501793,514.1575290492855,539.9685573046878,217.6904228020029,239.9132476166154,513.3153093666613,469.32329864889516,732.9594790535152,828.7872981893767,141.5636805802148,318.10848439663357,282.1712352484089,325.6997022390273,297.60469457563886,553.7201693,550.6579964753719,50.33389771840304,61.88132940022987,73.29380444516927,673.5996796932405,415.54785696293817,1052.8524369522343,352.8308670282995,308.7546516,544.8101318,448.3035479675785,464.76383270088206,129.38260306942416,162.3939196126092,448.3500639775879,892.3964473324115,377.3429962,413.4039148270079,212.12422798183243,608.7140289475825,269.43521647611084,232.51838814767595,668.1189744657657,304.75412833704036,281.6503605,723.5067111680129,263.32418030895656,290.0847468,335.78347335959313,369.7367093030758,345.5424750862351,373.71323044366466,450.36920851612194,686.0804621610692,166.65203402431285,126.57140309186333,832.3718936666592,280.36491410372776,797.6214664830504,821.3997327033283,470.31598016262404,59.19049669910848,30.694069548793355,0,49.037251902832864,443.4042643072842,484.9870071128882,481.70390830431387,466.8442451843816,319.5363801848056,658.0856114269466,652.3455673579855,525.3532594181662,517.0260136117886,219.97140637799484,109.9179279767972,121.3534753110807,80.55941346034233,662.323163,379.8747062636318,394.4324742,431.59472296748004,218.7092673501186,262.0096594630313,110.31392379187687,110.59633243240695,98.90279101631351,220.78872979676387,619.1684035381292,556.2546739453334,386.8346958994311,831.3396854459428,448.9144535344187,258.29901682427993,284.1455500170736,714.4495643007349,198.0396587782865,918.4853874224023,444.55139393514565,251.38389673124252
155.12387859659904,149.14540265355618,704.3800430745366,702.8773325,517.0583948325268,542.8694230879291,220.59128858524429,242.81411339985678,474.8065085928016,430.81449787503544,735.8603448367566,865.4495620486174,99.50990409820437,356.71357323108407,320.7763240828594,294.95170974197845,259.09589380177914,513.2741645106652,511.7855580627749,70.99013639442222,80.15548968091954,78.48036220439583,712.2047685,418.4487227461795,1089.5147008114748,313.9584286157027,269.8822131806782,574.1530533,484.96581182681905,501.42609656012263,167.9876919038747,200.99900844705974,418.6989374166156,895.2973131,346.5950037245522,416.3047806102492,175.3326713021886,645.3762928068231,304.9985737054315,271.1234769821265,671.0198402490071,274.00613583999143,250.90236802391215,760.1689750272535,221.2704038269461,251.21230839231717,365.12639485117523,399.07963079465793,374.8853965778172,333.26722562215974,409.9232036946171,715.4233836526513,128.14323325045316,104.75791462878496,869.0341575258997,257.15562155264075,834.2837303,858.0619965625689,473.2168459458654,52.50597371881768,18.91692147694971,49.857662643272015,0,482.0093531417347,487.8878728961295,484.6047740875552,427.97180677178477,322.4372459680469,694.7478752861872,689.0078312172261,562.0155232774068,519.9268793950298,222.87227216123622,115.10448573602375,132.84922607168733,119.1645022947929,631.5751705045452,341.0022679,355.5600358099842,460.93764445906214,187.96127485306974,237.63029500236522,71.80512301801716,72.08753165854722,59.06861754134297,182.27992902290418,622.0692693213705,559.1555397285747,422.39805312875177,834.2405512291841,451.81531931766006,296.90410565873043,322.7506388515241,717.3504300839762,158.9141517600177,955.1476512816428,413.80340143809684,289.98898556569304
485.89157393054967,449.87301310066283,1123.6901889232838,392.38423255696773,943.875702,969.6867302750185,647.4085957723335,669.6314206,790.6061512058801,746.6141404881139,1162.677652023846,554.9564620961647,518.6025994324837,143.91588600905752,147.48110070320215,633.9013519692222,619.2241629876048,888.1645080153174,869.4334169761995,406.56373118889553,384.22431803524177,410.0547360266842,399.76884360002913,845.2660299332689,779.0216008590226,689.7657627,645.6895472294946,391.14751624838465,174.4727118743668,190.93299660767042,301.17705722354594,267.2584163390019,831.7727609728796,1322.1146203027422,677.3626990585027,843.1220877973385,611.6392544860536,334.8831928543709,197.9928130276053,244.3363430549326,1097.8371474360965,587.2659177496199,581.6700633578627,449.6758750748013,634.3442273832106,627.0196424411336,164.01757722142113,194.90573026441533,161.32076297037253,746.3410491784242,822.9970273,532.4178466056551,490.3472890086383,457.68392599902677,558.5410575734475,691.7152169936857,523.7906303898386,547.5688966101166,886.9373451,488.9086696694387,458.5624926912602,431.75120915147056,451.4281775962127,0,914.7051801,911.4220812746447,785.6196656852093,749.2545531551363,384.25477533373476,378.5147312647738,251.52242332495462,946.7441866,649.6895793483252,342.40273613216766,344.73870177032904,392.4028604988168,962.3428658384956,716.8096018998513,731.3673698588005,277.9321074120657,518.7289701870203,514.7105161921205,471.25800947159854,465.96661362404353,481.5047119121344,544.4839847810894,1048.8865765084597,978.4656855773218,113.45506992707766,1261.0578584162733,878.6326265,171.35331912733116,189.6716429447953,1144.1677372710653,565.4101634840548,644.6545513291906,744.5710967720472,192.02036757604176
589.4285677,606.8657036183848,399.0019731535986,1065.1133434674857,171.4508717899667,215.74002458588106,288.29375866121535,256.62097950102776,606.8284865031031,575.7573185657953,334.0440503935811,1067.8933070608298,497.0956304977513,798.1005987,762.1633495656323,563.5711104,577.6511769070374,366.1121770940188,414.54544648041394,530.3260120356267,541.8734437174536,553.2859188,970.3641646802783,89.05655847123049,1345.4515437325458,454.2800555532311,479.15228639106385,1024.8022461210226,928.2956622848018,944.7559470181053,609.3747173866477,642.3860339298328,190.9742329156581,532.1003906553367,592.1311608235885,126.43904661222759,430.3157495391201,942.6639241007192,749.4273307933341,712.5105024648992,269.20354580583165,642.0533921787785,598.0588106,962.6127200394662,410.42575364099355,472.88410621527913,815.7755876768169,849.7288236202995,825.5345894034589,276.40594471011406,316.11808355884597,1120.2964237966319,536.3561069,575.8850612622813,1231.2701684839656,330.99561344855346,1036.7274753545037,1060.5057415747815,175.27126242788094,435.2211738949045,490.09292319787596,479.9921143172237,488.93123053084526,923.3963786245076,0,41.29990483316772,446.5470422,165.45062692808273,897.1916202983999,905.3606310144971,1001.5170335654528,58.86828209352839,393.0345433879872,589.9100422940209,601.3455896283043,560.5515277775659,797.9324552635496,500.0506839614179,538.8946684601987,911.5868372847036,622.2659639590507,675.0863747981983,544.3376859016142,544.6200945421442,497.77070907874344,529.7636413374685,263.88356439422904,253.77746980763672,866.8268102166544,432.4242567860088,114.95681142386573,738.2911311415033,764.1376643,316.0249727,457.35799703245294,1305.2082362940732,659.3395585371331,731.376011
548.1286628694124,565.5657987852171,357.7020683204309,1023.813438634318,212.7507766231344,257.0399294190488,285.0106598526409,253.3378806924533,565.5285816699355,534.4574137326276,375.3439552267488,1026.5934022276622,470.1510325529203,794.8174999052826,758.8802507570579,522.2712055578191,536.3512720738697,324.81227226085116,373.2455416472463,527.0429132270523,538.5903449088792,550.0028199538185,929.0642598471105,66.15605134137567,1304.1516388993782,412.9801507200635,437.85238155789625,1014.9475966020311,925.0125634762273,941.4728482095309,606.0916185780733,639.1029351212584,149.6743280824904,560.1591139516061,550.8312559904208,167.73895144539534,389.01584470595225,901.3640192675514,746.1442319847598,709.2274036563249,310.50345063899937,600.7534873,556.7589057771526,921.3128152062984,369.12584880782595,431.58420138211153,812.4924888682425,846.4457248117252,822.2514905948844,235.1060398769464,274.81817872567837,1078.9965189634645,495.05620202614045,534.5851564291139,1189.970263650798,289.6957086153856,995.4275705,1019.2058367416138,133.9713575947132,431.9380751,486.8098243893015,476.70901550864926,485.64813172227076,920.1132798159332,41.29990483316772,0,405.2471373445994,162.16752811950826,855.8917154652321,864.0607261813293,960.2171287,100.16818692669611,389.75144457941275,586.6269434854464,598.0624908197299,557.2684289689914,756.6325504,458.7507791282502,497.59476362703083,908.3037384761292,580.9660591258831,633.7864699650307,509.8159325349199,526.1082293293964,494.48761027016894,488.4637365043008,305.1834692273968,212.477565,863.5437114080801,473.7241616191765,73.65690659,735.0080323329289,760.8545655257226,314.40379279868347,416.05809219928534,1263.9083314609056,618.0396537039653,728.0929122398916
364.22520275920186,381.6623386750067,541.1970518338774,850.4566898663658,471.30114137735194,517.2431245,362.66113808403384,403.0804580004556,195.5897029856503,164.5185350483424,672.9173986425486,853.2366535,351.2857051510516,703.1597506788052,667.2225015305804,269.75806318576207,267.2660954472046,102.54484233010822,83.81375129,445.20582480808713,438.50490938507266,406.1529187528947,755.7075110791583,374.2730295672856,1130.7948901314257,148.53861347843227,159.93195511432168,798.2790089952427,789.6491119468391,806.1093966801426,514.4338693515958,547.4451858947809,269.7076141798328,746.8626511744169,309.28792786218526,493.1777161241035,315.7066978269341,728.0072704995991,609.6818738254515,592.1937496,608.0768940547991,384.0848997388224,340.0903181703642,747.9560664383462,244.64583434438546,190.0748482371716,669.8096949711953,703.7629309146779,679.5686966978373,230.60380187250843,189.26632410851255,862.3279313566759,313.1339996710838,352.87532010620055,1016.6135148828455,263.4657695521912,822.0708217533837,845.8490879736615,304.44420796511287,419.3579467406712,423.7697863384968,454.7105275048191,411.1841476437521,828.4555305894557,407.45140337312995,366.1514985399622,0,439.66607667945453,682.5349666972799,690.7039774133771,786.8603799643328,440.0582112938835,431.73338682262073,458.44062152360056,476.1853618592641,480.0391540614523,386.6936717460969,88.81190044,127.65588494274566,721.1582362257047,387.65804701844206,449.88300985482044,363.39109451578463,379.6833913,367.47033123842965,257.73852599370707,596.4429706980173,395.97254848791545,727.0813532487717,771.2976050349762,327.59075636866675,643.3502831064515,649.5675747396928,564.7407305078799,286.99477043050933,1090.5515826929532,350.7280386302983,636.4351630134141
460.7726795,456.2273386090705,465.06033063255444,980.7565560393198,208.0151925951733,233.82622085057548,126.87302946478862,91.17035257294499,594.1315831482489,563.0604152,426.8171425994029,1098.0906516340788,331.6450035696684,632.6499717857741,596.7127226375494,549.9958401094112,502.6101785694672,419.47397228023056,467.9072416666257,364.8753851075439,376.4228167893707,387.8352918343101,988.1411670823812,96.01147677813259,1367.3939243413752,406.52363479918273,424.8952273629132,859.3516191929397,762.8450353567189,779.3053200900224,443.9240904585649,476.9354070017499,227.44019073811828,586.2541108782993,622.3285053968374,107.26157837289568,288.12090939809707,923.2555163,583.9767038652514,547.0598755368164,361.9766380116535,579.6549367629984,556.5511689,992.8100646,345.43644404255235,411.9120377047228,650.3249607487342,684.2781966922167,660.0839624753761,265.0294579454262,342.1239633034307,1000.6219495502099,407.70021867633415,411.8398505842993,1146.9133810557998,223.54826157889045,1066.9248199277522,1090.7030861480303,233.89713350388325,269.7705469668216,324.64229626979306,314.5414873891408,323.48060360276236,757.9457516964247,165.4506269280827,162.16752811950826,468.22936079719335,0,927.3889648716487,935.5579755877459,839.8947468073067,197.4896334269829,227.58391645990443,424.4594154,435.8949627002214,395.1009008494831,785.2355519086954,464.8966239835675,505.7063824775705,746.1362103566208,493.61007577607666,544.7122309578793,378.8870589735314,379.1694676140615,332.3200821506606,445.4997885716256,313.0260670840167,319.8358272865926,701.3761832885716,525.1973489918306,190.04619652367754,572.8405042134204,598.6870374062141,443.03404945527694,377.12004814082417,1233.0268748115432,689.5369031103819,565.9253841203831
748.0493391749533,712.0307783450663,1238.7581268413376,271.98077782272424,1096.7193824545861,1142.6613655418098,925.4283068,947.6511316586855,808.7450004937116,764.7529897759454,1298.3356397197826,170.70168676242986,780.7603646768866,488.15745857122766,444.44400217410845,691.7082621468204,722.9482364626986,906.3033573031489,887.5722663,668.7214964332989,646.3820832796451,672.2125012710875,151.3525720309801,999.6912706445197,552.3189780877842,840.1147982,798.1309878520256,599.3544029743641,278.30954140844597,277.1184100121823,592.3183440425291,560.2032751,1015.6490491148849,1372.280892251651,720.2683126,1118.595957201338,873.7970197304566,149.53135845595767,460.15057827200883,506.4941082993361,1233.4951351320333,770.1905439346119,726.1959623661535,97.06407423922414,868.4228539420693,808.6931568673676,408.0950260987469,429.11980467934825,398.3360244,966.5292969229279,933.7136217587155,740.6247333316343,752.5050543,719.8416912434302,438.13760283920396,953.8729822380886,200.76333061672267,224.5415968370005,1007.5949297126659,763.9992380425006,720.7202579356638,707.7378840420698,713.5859428406162,565.9032779078908,1032.869644450364,991.5697396171963,803.7585149730407,1027.2742642268756,0,112.22806536973569,208.38446792069155,1065.4764523711178,927.7092904200647,604.5605013765711,617.4461623451233,674.3846318112857,985.6855935212857,803.9840880483648,808.6085377098484,486.13899413804523,780.8867354,776.8682814365243,733.4157747160018,728.1243788684469,743.6624771565374,794.1571832330102,1221.861211775251,1093.5336234953757,345.9712981357927,1396.715846,953.0089974459008,468.3162205982374,451.8294081891989,1208.0842291895804,827.5679287284577,512.0756706493116,787.4767102929666,520.7336605957237
673.9620566028424,637.9434957729554,1173.6736143877356,237.94832346004236,1031.6348700009842,1077.576853088208,851.3410243,873.5638490865746,743.6604880401098,699.6684773223436,1233.251127266181,285.9954556,706.6730821047757,414.0701759991167,370.3567196019975,626.6237496932187,657.8637240090968,841.2188448495472,822.4877538104292,594.6342139,572.2948007075343,598.1252186989766,74.62840265645251,934.6067582,563.5536922432229,775.0302857152752,733.0464753984238,525.2671204022531,204.22225883633504,201.38030790153016,518.2310614704181,486.11599247816804,950.5645366612831,1307.1963797980493,655.1838001258202,1047.054516296967,799.7097371583457,115.49890409327583,386.06329569989794,432.4068257272252,1168.4106226784315,705.1060314810102,661.1114499125517,177.5866911437677,803.3383414884676,743.6086444137659,334.0077435,355.0325221072373,324.24874179999404,901.4447844693261,868.6291093051137,666.5374507595233,678.4177716809311,645.7544086713193,404.1051485,879.7856996659777,254.82962386518088,278.6078900854587,942.5104172590642,689.9119554703897,646.6329753635529,633.6506014699589,639.4986602685053,491.81599533577986,967.7851319967622,926.4852271635946,738.6740025,953.1869816547647,115.29376880907716,0,134.29718534858065,1000.3919399175155,853.6220078479538,530.4732188044602,543.3588797730123,600.2973492391748,920.6010810676839,738.8995755947631,743.5240252562467,412.05171156593417,706.7994528593131,702.7809988644133,659.3284921438909,654.0370963,669.5751945844265,729.0726707794084,1156.7766993216492,1028.4491110417737,271.88401556368177,1331.6313336586084,887.9244849922991,394.22893802612646,377.74212561708794,1142.9997167359786,753.4806461563468,490.2186422322651,722.3921978393648,446.6463780236128
548.1283534517015,512.1097926218146,1047.8399112365948,140.8618092320131,905.8011668498434,951.7431499370676,725.5073211208213,747.7301459354338,617.8267848889692,573.8347742,1107.4174241150401,380.29772648100453,580.8393789536353,288.2364728479759,244.52301645085663,500.79004654207785,532.0300208579562,715.3851416984064,696.6540506592885,468.8005107100474,446.4610975563936,472.29151554783607,197.4465873729035,808.7730550397772,527.4991775340678,649.1965825641345,607.2127722472829,399.4334172511124,78.38855568519425,78.04604746887745,392.39735831927726,360.2822893270272,824.7308335101424,1181.3626766469085,529.3500969746794,921.2208131458262,673.8760340072052,83.36076952941626,260.22959254875707,306.57312257608436,1042.5769195272908,579.2723283298695,535.2777467614111,290.6752132021024,677.5046383373267,617.7749413,208.1740403754953,229.19881895609655,198.41503864885334,775.6110813181854,742.7954062,540.7037476083829,552.5840685297903,519.9207055201786,307.01863424849284,753.9519965148373,349.13189477467847,372.9101609949563,816.6767141079234,564.0782523192489,520.7992722124121,507.8168983188181,513.6649571173646,365.98229218463905,841.9514288456214,800.6515240124538,612.8402993682982,827.3532785,209.59603971857462,132.44305370712226,0,874.5582367663748,727.7883047,404.6395156533195,417.5251766218714,474.4636460880343,794.7673779165432,613.0658724436223,617.6903221051058,286.2180084147935,580.9657497081722,576.9472957132723,533.4947889927503,528.2033931451955,543.7414914332861,603.2389676282676,1030.9429961705089,902.6154078906329,146.05031241254102,1205.7976305074676,762.0907818411583,268.3952348749856,251.90842246594707,1017.1660135848381,627.6469430052064,393.13212800423594,596.5584946882241,320.8126748724719
648.2968497961084,653.7169720360534,444.4684659850909,1123.981625561014,112.58258969643825,156.87174249235264,320.33276516011557,288.6599859999279,665.6967685966317,634.6256006593238,275.17576830005265,1126.7615891543583,529.1346369966516,830.1396052127573,794.2023560645325,622.4393924845153,636.5194590005658,424.9804591875473,473.4137285739424,562.3650185,573.9124502163539,585.3249252612933,1029.2324467738067,147.92484056475888,1404.3198258260743,513.1483376467594,538.0205684845922,1056.8412526199227,960.3346688,976.7949535170055,641.4137238855479,674.4250404,249.84251500918654,473.2321085618083,650.9994429171169,113.51777263337445,485.61054282507985,1001.5322061942477,781.4663372922345,744.5495089637996,210.33526371230326,700.9216742723069,656.9270927038484,1021.4810021329947,469.2940357345219,531.7523883088076,847.8145941757172,881.7678301191999,857.5735959023591,335.2742268036424,374.98636565237445,1179.1647058901601,595.2243889528364,609.3294840112821,1290.1384505774938,389.8638955420819,1095.5957574480321,1119.3740236683102,234.1395445214094,467.26018039380466,522.1319296967762,512.0311208161239,520.9702370297455,955.4353851234079,58.86828209,100.16818692669612,505.4153242712955,197.48963342698295,956.0599023919284,964.2289131080256,1037.38438,0,425.0735498868874,621.9490487929212,633.3845961272045,592.5905342764661,856.8007373570782,558.9189660549464,597.7629505537271,943.6258437836038,681.1342460525791,733.9546568917267,576.3766924005145,576.6591010410444,529.8097155776436,588.6319234309968,205.01528230070065,312.6457519011651,898.8658167155547,373.5559746924804,173.82509351739418,770.3301376404036,796.1766708331972,295.26291351305446,516.2262791259813,1364.0765183876017,718.2078406306614,763.4150175473662
266.66457541748133,262.11923450694565,628.3719379508078,786.6484519371953,441.0502897087983,466.86131796420057,144.5831834615157,166.80600827612818,517.2686044019983,473.2765936842322,659.8522397,949.2206814763925,140.13557036581338,438.5418676836496,402.60461853542506,356.34873525846433,308.9630737185204,461.3118427254049,518.4364527700988,170.7672810054192,182.31471268724604,193.72718773218543,794.0330629802568,342.44061762245093,1173.2858202392501,354.58409488331176,310.50787944828727,665.2435150908149,568.7369312545944,585.197216,249.81598635644033,282.82730289962535,365.94442425942265,819.2892079919243,444.48026459398034,340.29667548652066,205.43706120703607,729.1474122345985,389.86859976312695,352.95177143469215,595.0117351252785,385.54683266087375,362.4430648447944,843.9400944550288,260.2282450768064,291.83797465992626,456.21685664660924,490.17009259009194,465.9758583732512,280.51271246496674,357.6072178229712,806.5138454480851,213.59211457420935,217.7317464821745,952.805277,189.9416022608056,918.0548497700663,941.8331159903441,397.2087408221367,75.66244286469698,130.53419216766846,120.43338328701617,129.3724995006377,563.8376475943003,411.8797678,408.59666896382663,434.62270147910857,246.4291408443184,778.5189947139625,772.7789506450015,645.7866427051822,443.9187742713013,0,230.35131126381336,241.78685859809687,200.9927967473585,695.5570205035172,381.6279341186441,396.18570207759325,552.0281063,299.50197167395197,350.60412685575466,184.7789548714067,185.0613635119368,138.2119780485359,251.39168446950106,546.0611641976418,483.1474346,507.2680791864472,758.2324461054556,375.8072141939314,378.7324001112961,404.5789333040898,641.3423249602475,199.53981802762672,1038.9187707094181,510.5702816132453,371.8172800182586
154.29443458572428,133.86418250542482,781.2874527911168,592.8257134087506,617.3349117147841,643.1459399701864,320.8678054675015,343.09063028211403,492.75478147938895,448.76277076162285,836.1368617190138,755.3979429479479,176.19986330031577,244.71912915520474,208.78188000698012,302.30421262439665,281.4444771,568.5442973063745,549.8132062672566,64.16099505672784,41.821581903074076,67.65199989,600.2103244518116,518.7252396284368,979.4630817108055,351.98607682018417,307.90986138515973,465.84270095699645,374.9141927261497,391.37447745945326,55.99324782799529,89.00456437118034,489.3700248407127,995.5738299979103,345.7655597136774,516.5812974925065,269.2365183538858,535.3246737061539,196.04586123468204,159.12903290624712,771.2963571312644,273.17669182911663,250.07292401303738,650.1173559265841,291.9414912510432,289.2399565967987,256.8160425127906,290.76927845627324,266.57504423943254,403.93831304625684,480.5942911187142,607.1130313142668,152.5676031643035,115.28118986685891,758.9825384252304,349.31248086151766,724.2321112416216,748.0103774618995,544.5346089223522,159.4387366659293,116.15975655909257,103.1773826654986,109.0254415,370.01490906585536,588.1643897783869,584.8812909698127,465.9994549762663,422.7137628503042,584.6962561855178,578.9562121165569,451.9639041767375,620.2033962772869,323.1487890434934,0,17.74474033566358,69.82413043471472,630.7457264936704,379.02991605551654,393.5876840144657,352.6272921206775,187.13183084219497,226.63124091964343,128.8552733394308,123.56387749187584,139.10197577996664,206.70429893675453,722.3457862036278,636.0629494451549,313.4453406580023,934.5170681114414,552.0918361999171,184.9096615828511,210.75619477564473,804.8311314651191,223.00742735188697,845.0960321809735,412.97395742722205,177.99454148981363
202.66931082676808,182.23905874646863,805.1782312747335,575.0809730730871,617.8565830327238,643.6676112881263,321.38947678544133,343.61230160005385,541.1296577204328,497.13764700266665,836.6585330369536,737.6532026122844,219.02024294494646,226.97438881954116,191.03713967131657,350.6790888654404,329.81935338431384,615.4704143309763,596.7393232918583,82.25396852261092,79.68913612969855,105.5195541,582.4655841161481,519.2469109463767,961.7183414,398.9121938,354.83597840976154,453.67603622670646,357.16945239048613,373.6297371237897,38.24850749233171,71.25982403551677,532.1904044853434,996.0955013,394.1404359547212,517.1029688104463,312.0568979985166,517.5799333704904,178.30112089901849,141.38429257058357,771.8180284492041,321.55156807016056,298.4478002540812,632.3726155909206,334.76187089567395,336.1660736214005,244.64937778250064,278.60261372598325,254.4083795091426,446.7586926908876,523.4146707633449,594.9463665839768,199.49372018890537,158.79715276783506,741.2377980895669,384.0639680871663,706.4873709059581,730.2656371262359,574.0150341460621,162.88955068254688,136.42615971337213,105.73209016457876,146.89299569066947,352.27016873019176,588.6860610963267,585.4029622877525,512.9255720008681,423.23543416824407,566.9515158498542,561.2114717808934,434.21916384107396,620.7250675952268,323.6704603614332,48.37487624104378,0,66.38374151192495,679.1206027347142,425.95603308011835,440.5138010390675,340.4606273903875,235.50670708323878,275.00611716068727,171.78447694867822,166.4930811011232,181.92235542459736,253.6304159613564,722.8674575215676,659.9537279287716,295.70060032233874,935.0387394293812,552.6135075,167.16492124718755,193.01145443998115,818.1486182841734,265.82780699651767,827.3512918,461.34883366826585,160.24980115415005
189.72992260198401,169.29967052168456,781.3862378711965,598.5243736333575,594.0645896291865,619.8756178845889,297.59748338190394,319.82030819651646,524.3503276673215,480.35831694955533,812.8665396334162,761.0966031725549,197.21357508101414,250.41778937981164,214.4805402,336.11878405106665,308.63971287629903,593.6637464670439,574.9326554,58.46197511907347,58.325865490320766,83.71288626,605.9089846764185,495.45491754283927,985.1617419354125,377.1055259808537,333.0293105458292,477.11943678697696,380.6128529507566,397.07313768406016,61.69190805260218,94.70322459578722,510.3837366214112,972.3035079123126,381.20104772993716,493.3109754,290.2502301345842,541.0233339307608,201.74452145928893,164.82769313085402,748.0260350456667,308.61217984537643,285.5084120292971,655.8160162,312.95520303174163,314.3594057574682,268.0927783427711,302.0460142862537,277.85178006941305,424.95202482695527,501.60800289941255,618.3897671442473,177.68705232497297,136.99048490390265,764.6811986498374,360.2719746836289,729.9307714662285,753.7090376865063,550.2230407425251,139.09755727900944,112.63416630983465,81.94009676,124.44067535232949,375.71356929046226,564.8940676927893,561.6109689,491.1189041369358,399.4434407647067,590.3949164101247,584.6548723411638,457.6625644013444,596.9330741916895,299.8784669578958,65.25013814399789,53.66278029425871,0,666.1812145099302,404.1493652,418.7071331751352,363.904028,222.5673188584547,262.0667289359032,149.97780908474581,144.6864132371908,160.11568756066504,231.8237481,699.0754641180303,636.1617345252346,319.1440008826092,911.2467460258438,528.8215141143198,190.6083218,216.4548550002516,794.3566249,244.02113913258535,850.7946924055805,448.4094454434818,183.69320171442052
480.7349110002418,538.5817979484489,921.8206725,983.0667702929467,789.1328460481159,835.0748291,661.5939960207515,702.0133159371737,191.1097501743839,231.77157606595225,990.7491033133126,985.8467339,581.070751,870.7274617,834.7902125233823,385.13475027459253,413.99329266917204,490.06402763546686,471.33293659634876,635.8880377372296,616.1452490177118,596.9325037603115,888.3175915057392,692.1047342380496,1263.4049705580069,419.38984420579834,405.8849191567165,838.8614933055117,940.2530281671887,960.6100147,682.0015803443977,715.0128968875828,633.0408383209292,1064.6943558451808,284.9801667799929,811.0094207948674,561.6596619,860.6173509,764.1824918927429,746.6943676393254,925.9085987255631,424.6673840490912,380.6728024806329,880.5661468649271,490.59879838678023,436.0278122795664,824.3103130384867,829.3706886461757,834.0693147651286,550.2899672552456,517.4742920910335,902.9104156669448,540.5977131168603,544.3980206946601,1149.2235953094266,562.3986274889089,954.6809021799646,978.4591684002424,685.0678285828724,646.8216601864477,651.2334997842735,671.1413820040216,638.6478610895286,996.0232415822576,725.2831080438938,683.9832032107262,387.51918530535863,757.4977813502181,815.1450471238608,823.3140578,919.4704603909137,757.8899159646471,730.6662447593388,626.0083325164024,643.7530729,657.7115266749755,0,352.9517960982594,320.2070965274105,761.7407205359735,443.61389565147533,497.38307694211716,577.1522652701577,590.5361761922459,594.9340446842062,485.20223943948355,914.2746753687813,776.5961691056751,881.5819713160631,1089.12931,645.4224610394307,810.9179940992533,804.0681928069841,900.4976927831104,526.8118057490557,1223.1616631195343,243.5655809,804.002874
275.4133023152371,292.85043823104184,586.7310900880592,867.7387481525208,488.58319966350683,534.5251827507309,320.6859791087051,361.10529902512695,161.64021134426943,130.5690434069616,690.1994569287035,870.5187117458651,262.4738047070867,614.3478502348403,578.4106010866155,214.3344751179825,211.8425074,189.51438125085784,170.7832902117399,356.3939243641223,349.69300894110785,317.3410183089299,772.9895693653133,391.5550878534405,1148.0769484175808,70.47098880710043,71.12005467,742.8785284845114,700.8372115028741,717.2974962361776,425.62196890763096,458.6332855,294.81366213765523,764.1447094605719,275.33843622080445,510.4597744102584,226.89479738296927,745.2893287857542,520.8699733814865,503.3818491280692,625.3589523,328.6844192280911,284.6898376596328,765.2381247245012,155.83393390042056,101.26294779320672,580.9977945272303,614.9510304707129,590.7567962538723,209.38195034319932,216.9246457064245,806.9274508459446,224.32209922711897,264.06341966223573,1033.8955731690005,221.49061057686245,839.3528800395387,863.1311462598165,349.97824621929476,330.5460462967064,334.95788589453196,365.89862706085427,322.3722471997873,739.6436301454909,424.73346165928484,383.43355682611707,86.96953892074961,440.72843159331717,699.8170249834349,707.9860356995321,777.8869229534619,457.3402695800384,389.75822784729206,369.6287210796357,387.37346141529923,391.22725361748746,352.7441801,0,73.10783030371726,665.7577557149733,298.8461466,361.0711094108557,274.5791940718197,290.8714908662961,278.65843079446483,168.92662554974214,613.7250289841722,441.5065867420974,638.2694528048067,788.5796633211311,344.87281465482164,554.5383826624866,560.7556742957278,599.9480463985014,198.1828699865444,1107.8336409791082,316.7785469889175,547.6232625694493
289.9710702741863,307.4082061899911,653.4718189310472,880.9286596226185,533.7642539,579.7062369928581,385.5549515028247,425.97427141924646,133.4795933,89.48758259381684,735.3805111708308,883.7086232159628,277.0315726660359,628.9056181937895,592.9683690455647,169.4775875870025,166.9856198,234.6954354929851,215.96434445386714,370.95169232307154,364.2507769000571,331.89878626787913,786.1794808,436.7361420955677,1161.2668598876785,99.18274767838781,85.67782263,698.0216409535315,715.3949794618235,731.8552642,440.17973686658024,473.1910534097653,361.5543909806432,809.3257637026991,234.2569754076597,555.6408286523855,241.4525653419185,758.4792402558519,535.4277413404359,517.9396170870185,670.5400065830813,283.8275316971111,239.83295012865284,778.4280361945989,170.39170185936976,115.82071575215592,595.5555624861796,629.5087984296623,605.3145642128216,276.12267918618727,262.1056999485517,762.0705633149646,238.8798671860682,278.62118762118496,1047.0854846390982,283.55804779163935,852.5427915096365,876.3210577299143,416.7189750622827,345.10381425565555,349.5156538534811,380.45639501980344,336.93001515873647,754.2013981,469.9145159,428.61461106824424,132.15059316287682,502.1291892077366,713.0069364535326,721.1759471696298,792.4446909124113,502.5213238221656,433.7653844569642,384.18648903858497,401.9312293742485,405.7850215764367,320.2070965274105,73.10783030371726,0,620.9008681839933,299.01610137291385,356.5432245901371,289.13696203076887,305.42925882524526,293.2161988,183.48439350869137,658.9060832262994,508.2473155850853,652.8272207637561,833.7607175632584,390.0538688969488,569.0961506214358,575.3134422546772,645.1291006406286,212.74063794549363,1121.023552449206,275.69708617577277,562.1810305283984
441.25686123996917,405.23830041008233,1079.0554762327033,425.7409734,915.1029351563716,940.9139634,618.6358289,640.8586537237015,623.7497755216924,579.7577648039262,1133.9048851606012,600.9791064928077,473.9678867419031,270.0882211,212.13058182243407,458.4097813543462,491.88141233159286,817.6934000255247,798.9623089864068,361.9290184983151,339.5896053446613,365.4200233361038,455.87648283564147,816.4932630700245,812.3783417142548,641.8796343355547,599.8958240187033,113.21540883631894,207.8294527295991,236.95564100431318,289.99666742299087,257.8815984307408,787.1380482822991,1293.3418534394978,476.7605537559807,814.3493209340941,567.0045418,368.2399337096032,181.11454999358887,207.33686059421356,1069.0643805728519,345.4025971671989,381.06791805534067,495.69851947144406,589.7095147,582.3849297505529,140.92464613017947,118.3022541,147.8785831178954,701.7063364878437,778.3623145603015,254.48573919358932,445.7125763180578,413.0492133084463,591.8977984286797,647.0805043031048,569.8132747864813,593.5915410067591,842.3026323639385,457.2067601075166,413.9277800006798,400.94540610708583,406.7934649056323,391.56693721652704,885.9324132199746,882.6493144114003,715.1485576954166,720.4817862918918,430.2774197303775,411.8714721200061,284.8791641801869,917.9714197188746,620.9168124850808,297.7680234415872,315.12448572558503,367.5921539,761.7407205359738,655.2302614075061,610.3733739,0,405.7817446,393.72747787580005,426.6232967810181,421.3319009334631,436.8699992215539,499.84927209050875,1020.1138096452154,933.8309728867413,164.47703748498793,1232.2850915530287,849.8598596415046,235.3794620542668,211.40781805485952,1102.5991549067053,520.7754507934742,678.0112921844228,543.9689514695253,287.79690205175314
37.121015348766505,94.96790229697358,740.9942659669485,718.4473550452561,698.9724526779257,724.7834809333282,402.5053464306432,424.72817124525574,305.62295063719375,261.63093991942765,917.7744026821555,868.3339557152341,194.22032852462627,427.1135660201316,391.17631687190703,133.7381832707172,150.29748302159732,489.8837340275633,471.1526429884453,192.27414208575408,172.5313533662361,153.31860810883626,735.9169609272869,600.3627805915786,1105.084723347311,273.32551354137297,229.2492981063486,482.9025173493282,500.5358343626552,516.9961190959588,238.38768469292225,271.3990012361073,449.0768380165444,995.9783244085411,158.63372887148248,598.2188384556482,259.0041546942938,660.9463153426593,320.56859624126764,303.08047198785033,852.9338981,86.04486098692168,62.941093170842386,763.0533686938702,250.99460670698232,210.57939331798752,380.69641738701137,414.64965333049406,390.4554191136533,363.6451262220885,440.3011042945458,546.9514397107613,100.91603799891668,100.78412504318463,884.6041800617359,328.1074533303128,837.1681240089077,860.9463902291856,504.24142209818393,244.25161122820182,216.34365331870305,227.5274863525458,208.01015944886154,552.4093459307823,640.0510709322027,598.7511660990351,387.33889169745515,504.35130381344595,697.6322689528039,704.5778537530623,577.5855458,689.1738845280074,404.78633000663507,182.3944369,200.13917720059058,214.09763102349993,443.61389565147533,300.3693527767054,285.7017758,405.78174457979003,0,105.58148924492494,133.53836961868254,146.9222805407703,167.1753245929685,128.0437356579434,803.9833271667695,595.7697626209866,437.9680756645879,1016.154609074583,525.0942595,367.3040984477781,360.45429715550887,764.5379446409509,182.71424052771863,970.7176738,225.8421265850271,360.3889783547406
77.60155365347376,99.20312358774775,781.4748042716558,708.2637023,739.4529909826331,765.2640192380355,442.9858847353505,465.20870954996303,365.5179429182949,321.52593220052876,958.2549409868628,870.8359318146723,234.7008668293335,457.25802794924107,390.6964425439422,200.17794875094881,219.19192680597814,549.8994473207631,531.1683562816452,232.75468039046132,213.01189167094333,193.7991464135435,725.7333081575058,640.8433189,1094.901071,333.3412268345729,289.2650113995484,476.97406163579745,490.35218159287405,506.8124663261776,278.8682229976295,305.65801612096504,489.55737632125164,1055.873316689642,218.52872115258347,638.6993767603556,299.4846929990009,650.7626625728782,310.3849434714865,292.8968192180692,893.4144363991134,87.17076456380174,122.8360854519434,765.5553447933084,292.1288427315821,270.5951066111874,370.51276461723023,404.4660005607129,380.2717663438722,404.12566452679573,480.7816426,541.0229839972305,141.39657630362396,141.26466334789188,874.4205272919548,368.5879916,839.6701001,863.4483663286238,544.7219604028911,284.7321495,256.82419162341023,268.0080246572531,248.49069775356875,592.8898842354895,680.5316092369097,639.2317044037421,447.354605,544.8318421181533,700.1342450522421,694.3942009832812,567.4018930434619,739.3998913304379,445.2668683113424,222.87497516963424,240.61971550529782,254.57816932820717,503.5088879325764,360.38506606990524,352.1415412731287,399.8532888662593,93.00722519,0,174.01890792338975,187.40281884547753,207.65586289767572,188.0594489511433,844.4638654714769,636.2503009256939,427.78442289480677,1056.6351473792902,565.5747978,366.82422411981327,350.27064438572773,805.0184829456581,223.1947788324259,960.5340210476979,285.73711886612807,400.8695166594478
83.31875557858189,77.34027963553898,654.8379584768111,698.6088683187779,574.2460082307903,600.0570364861926,277.77890198350764,300.00172679812016,403.0013855747843,359.0093748570182,793.0479582,861.1810978579753,77.50238325631277,357.5447344109604,321.6074852627358,223.14658672396132,187.29077078376196,457.4957576204567,449.1762707346665,99.33164316688594,92.63072774387159,60.27873711169357,713.0359297075674,475.63633614444296,1085.2462366208329,251.3491412875943,207.27292585256987,569.8845891,480.69734763617697,497.15763236948055,168.81885308375107,201.8301696269361,362.92053052640705,935.9547298715399,274.78988070653503,473.4923940085127,170.53903830988278,641.1078286161811,300.73010951478943,267.8099394629187,728.2074536472705,202.2010128219742,179.09724500589493,755.9005108366114,165.4919969367375,188.6030210642088,360.85793066053316,394.81116660401585,370.6169323871751,277.48881873195114,354.14479680440854,663.1075915458136,56.33811023,32.95279161,864.7656933352578,241.9511458401756,830.0152661516489,853.7935323719267,418.0851146080466,119.52516678106615,91.61720887156736,114.41920051472464,83.28371500172584,482.8405143216111,545.0754863,512.5948586088975,365.3625194436764,379.6248593663104,690.4794110955451,684.7393670265841,557.7470590867648,577.1144928,280.05988555949955,112.82560525575582,130.5703455914194,134.16497242025113,559.7700475,278.3929805229266,292.95074848187585,456.66918026842006,116.15615183505253,165.82517198434806,0,16.292296794476407,42.448880145832874,110.474806,679.2568827,509.61345513084916,418.1295889381097,891.4281646274476,438.93795201819955,297.73526683860683,323.5818000314005,678.3816371508136,96.55793303758132,950.8791870910009,341.99827842007966,290.8201467455694
107.40959544630824,101.43111950326535,678.9287983445375,704.5454590900614,569.5546097137169,595.3656379691193,273.08750346643444,295.31032828104696,427.09222544251065,383.10021472474455,788.3565597179467,867.1176886292586,74.85536914910884,361.4917414718698,325.55449232364515,247.23742659168764,211.3816106514883,481.58659748818303,473.26711060239296,103.27865022779528,96.57773480478093,64.22574417260292,716.9829367684769,470.9449376273697,1091.1828273921162,275.43998115532077,231.36376572029627,575.8211798760225,486.63393840746045,503.09422314076403,172.76586014466042,205.77717668784547,387.0113703941335,941.9715707416751,298.88072057426143,468.80099549143944,167.89202420267887,647.0444193874646,306.6667002860729,273.21189970707997,723.5160551301972,226.29185268970056,203.1880848736213,761.8371016078949,189.5828368044639,212.6938609319352,366.79452143181663,400.74775737529933,376.5535231584586,301.5796585996776,378.2356366721349,687.1984314,80.42895010016235,57.04363147849417,870.7022841065411,247.9679867103108,835.9518569229324,859.7301231432102,442.17595447577304,108.21209278680944,75.87140180388874,98.12690372024822,67.53790793404724,486.7875213825204,540.3840877773198,536.6856984766241,389.45335931140283,374.9334608492371,696.4160018668285,690.6759577978676,563.6836498580483,572.4230942762199,275.36848704242635,116.77261231666516,134.51735265232875,138.1119794811605,583.8608873542545,302.4838203906531,317.04158834960225,462.60577103970354,140.2469917027789,189.91601185207443,24.090839867726366,0,37.75748162875969,134.56564587261337,674.5654842025607,533.7042949985756,424.06617970939317,886.7367661103742,463.0287919,301.6822738995162,327.5288070923099,702.472477,120.64877290530772,956.8157778622842,366.08911828780606,294.76715380647875
134.53577936884395,128.55730342580105,658.9697294644334,736.8398931153387,531.7971280849573,557.6081563403595,235.33002183767474,257.55284665228726,418.1654217939034,374.17341107613726,750.5990780891871,899.4121226545359,53.88213997363256,393.78617549714704,357.8489263489225,257.2455526503694,209.85989111042548,461.62752860807905,453.3080417222889,118.81914663797872,125.55242834503056,96.52017819788018,749.2773707937542,433.187456,1123.4772614173935,255.48091227521672,211.40469684019226,608.1156139012998,518.9283724327378,535.3886571660413,205.0602941699377,238.07161071312274,367.05230151402935,910.0360463680834,326.0069044967971,431.04351386267973,146.91879502720255,679.3388534127419,338.9611343113502,305.50633373235723,685.7585735014376,253.4180366122363,230.31426879615705,794.1315356331721,169.62376792435987,192.7347920518312,399.0889554570939,433.0421914005766,408.84795718373584,281.6205897195735,358.2765677920309,714.3246153360757,82.62391679976912,84.16981540102987,902.9967181318184,226.9947575348345,868.2462909482097,892.0245571684875,422.2168855956689,77.07628663523327,78.15205856979033,109.09279973611264,65.88543056987923,519.0819554077976,502.62660614856003,499.3435073399857,369.4942904312988,337.1759792204774,728.7104358921058,722.9703918231448,595.9780838833256,534.6656126474602,237.61100541366667,149.06704634194244,166.81178667760602,165.89484091234326,596.4538379,282.52475151054904,297.08251946949827,494.9002050649808,167.37317562531464,217.04219577461012,51.21702379026206,51.49943243079213,0,133.9886225119655,636.8080025738009,513.7452261184715,456.36061373467044,848.9792844816146,443.03355955952236,333.9767079247935,359.8232411175872,682.5134081384359,100.68970402520371,989.1102118875615,393.21530221034175,327.0615878
106.48667676549499,123.92381268129967,626.5423419046372,749.8221066357328,638.5249740830295,664.3360023384319,342.05786783574695,364.28069265035947,296.5272394497233,252.53522873195715,841.6043283835454,859.2382445277636,129.81307407211506,445.4212246850979,409.48397553687334,128.20228619864494,80.81662466,361.83999836961976,343.1089073305017,187.4672988,180.76638339136565,148.41439275918762,761.7091021472119,499.90861194539275,1136.4594749377877,145.28177788342964,101.20556244840517,584.4353105183648,531.9105859531319,548.3708706864354,256.6953433578886,289.70665990107364,334.62491395423314,915.5495809154136,216.33381553416092,537.7713598607519,171.30227750758868,692.3210669,351.9433478317443,334.4552236,776.7638237957959,177.7907017824516,142.8867566928415,753.9576575063998,122.95087104903895,82.53565766004412,412.071169,446.0244049209707,421.83017070412996,249.19320215977717,325.84918023223463,648.4842328797979,55.395473677376806,95.13679411249356,915.9789316522126,238.56107481828104,828.0724128214373,851.8506790417151,389.78949803587267,195.5639832858339,199.97582288365942,222.72064308117172,187.39018418891467,570.7170045957486,525.5991468698913,484.2992420367236,259.2951560395116,443.9038252185496,688.5365577653334,696.7055684814306,608.9602974037197,584.4674289634195,344.33885141173886,200.70209552989337,218.44683586555695,222.3006280677452,473.46783247729746,172.32561711876195,186.88338507771115,507.31453774882664,129.9195210247349,192.14448386111366,118.04513004961619,134.3374268440926,143.61307182413216,0,743.5358485718732,481.31783855867525,469.34282725506455,939.9845348,410.64233544602564,385.6117571127444,391.8290487459855,650.0860205786397,90.29476664955213,1002.0924254079557,283.54221324770555,378.6966370197069
760.8929387520237,756.3475978414878,644.5559660523205,1233.0235368116146,148.64146400487763,79.19984623344119,426.9932887,391.29061180536235,774.7386798472327,743.6675119099248,145.32175697709135,1235.803500404959,631.7652628,932.7702310181916,896.8329818699668,731.4813037351164,762.7212780509946,609.8473948384548,658.2806642248499,664.9956443399614,676.5430760217882,687.9555510667276,1138.274358024407,351.56829437805635,1513.361737076675,696.9028331782905,721.7750640161237,1159.471878425357,1062.9652945891364,1079.4255793224402,744.0443496909822,777.0556662341673,433.59701054071786,341.88308122276305,760.0413541677179,205.76448871112103,588.2411686305143,1110.5741174448483,884.0969630976687,847.1801347692337,94.49473845632849,809.9635855229079,765.9690039544495,1130.5229133835953,645.5567032749694,712.0322969371399,950.4452199811515,984.3984559,960.2042217077934,519.0287223351737,558.7408611839058,1288.2066171407612,707.8204779087517,711.9601098167165,1399.1803618280944,523.6685208113079,1204.6376686986328,1228.4159349189108,424.27055606210763,569.8908061992391,624.7625555022106,614.6617466215582,623.6008628351799,1058.0660109288422,263.88356439422904,305.1834692273968,667.7353042302233,312.1273594935881,1065.101813642529,1073.2708243586262,1140.0150060397245,205.01528230070068,527.7041756923219,724.5796745983555,736.0152219326388,695.2211600819004,965.8426486076792,667.9608773055473,706.8048618043281,1046.2564695890383,793.7303350084944,844.8324901902964,679.0073182059488,679.2897268464787,632.4403413830779,745.6200478040431,0,510.2092498448169,1001.4964425209889,242.20694735343514,369.6846237953425,872.9607634458379,898.8072966386316,495.35041358028406,677.2403073732419,1473.1184296382023,827.2497518812625,866.0456433528005
545.1472593913643,562.5843953,216.69498974704976,1103.5880681050353,364.3722336252587,410.31421671248273,347.7018215179186,334.6851434996707,579.8738090832451,548.8026411459373,565.9884908904554,1106.3680316983798,472.50625998537043,864.3792634678316,828.4420143196069,580.7555301357655,533.3698685958216,307.5110101200988,355.9442795064939,601.4184072,599.4652568007431,567.1132661685649,1008.8388893178281,222.8782747018309,1383.9262683700956,409.99874724201527,434.87097807984804,1059.7584100475628,970.5711685790011,987.0314533123046,675.6533821406223,708.6646986838074,146.69292460444217,639.9337434223237,630.6058854611383,359.1650048,400.0069175734939,981.1386487,790.6039304576135,773.1158062,501.14798630270593,663.2730348087046,628.3690897190942,1001.087444677016,366.14444532977774,428.6027979040633,850.7317516033573,884.6849875,860.4907533299993,232.12463639889816,271.8367752476301,1124.936095358596,492.0747985480923,531.6037529510658,1269.7448931215151,323.37902243560245,1075.2021999920535,1098.9804662123315,91.52834052280267,506.3135690146108,561.1853183175822,551.0845094369299,554.6275821848392,989.6750433784822,232.7259581824926,191.42605334932486,395.97254848791556,306.85960275579305,935.6663449359497,943.8353556520469,1039.991758203003,291.5942403,464.1269385076935,619.6601343126271,637.4048746482906,631.6439228972721,770.9777778436916,468.3717364264001,509.1814949204031,946.5430012,577.9846556,630.8050664869826,506.8345290568717,523.1268258513481,510.9137657795167,485.4823330262526,489.51406294592397,0,908.0034098809338,664.3686973,118.3353716420131,804.5697958954779,830.4163290882716,256.16196200207673,413.07668872123713,1343.682960931623,697.8142831746829,797.6546758024406
407.44514563296735,371.4265848030805,1045.2437606257015,285.57327740994776,881.2912195493695,907.1022478,584.8241133020871,607.0469381166996,683.7951960588601,639.8031853410939,1100.0931695535992,458.6755129416895,440.1561711349012,149.3440803948759,105.63062399775666,555.4549236716397,540.7777346900225,781.3535528682975,762.6224618291795,328.11730289131316,305.7778897376594,331.60830772910185,313.5728892845236,782.6815474630224,672.2106457120026,611.3193343669365,567.2431189319119,277.69244632130693,67.66175672734678,94.65204745319528,251.71415050054304,219.59908150829307,753.3263326752973,1247.3310878167997,595.3185081445705,780.5376053,533.1928261884711,228.07223770735092,119.5463847,165.88991475735028,1035.2526649658498,480.5624896,503.2236350602804,353.39492592032616,555.8977990856283,548.5732141435509,62.12372796295428,85.65347902,52.36472623631232,667.8946208808419,744.5505989532996,418.96277667857737,411.9008607,379.2374977014444,451.7301024264275,613.2687887,427.5096812353635,451.2879474556413,808.4909167569367,423.39504450051464,380.11606439367785,367.1336905000839,372.98174929863035,227.08989973153908,852.1206976129725,848.8375988043982,678.8087105381893,686.6700706848898,287.9738261792596,271.7037761177538,144.71146817793465,884.1597041118725,587.1050968780788,263.9563078345853,276.84196880313726,333.7804382693001,860.7357890864341,638.3631736022686,652.9209415612179,164.4770375,440.2825419,436.2640878945382,392.81158117401617,387.52018532646116,403.05828361455195,466.03755648350693,986.3020940382133,900.0192572797395,0,1198.4733759460266,816.0481440345027,129.50284242188567,111.22521464721301,1068.7874392997037,486.96373518647226,537.8435961821706,662.5269059,181.9202824
973.0642206598375,968.5188797493015,813.0966584441002,1401.5642292033945,317.18215639665726,321.40679358687635,639.1645706050199,603.4618937131764,943.2793722390123,912.2082043017044,98.38020639,1404.3441927967388,843.9365447098997,1144.9415129260058,1109.0042637777813,900.0219961,931.2619704427742,778.3880872302344,826.8213566166296,877.1669262477751,888.7143579,900.1268329745413,1306.8150504161872,520.1089868,1681.9024294684548,865.4435255700696,890.3157564079028,1371.643160333171,1275.1365764969503,1291.596861230254,956.2156316,989.2269481419811,602.1377029324974,99.67613386932787,928.5820465594976,417.9357706189349,800.4124505383281,1279.1148098366282,1096.268245005483,1059.351416677048,163.22071098017705,978.5042779146876,934.5096963462291,1299.0636057753757,821.5892237,884.0475762321179,1162.6165018889649,1196.5697378324476,1172.375503615607,687.5694147269528,727.2815535756853,1456.747309532541,919.9917598165655,924.1313917245302,1567.7210542198743,715.21662,1373.1783610904124,1396.9566273106905,592.8112484538872,782.0620881070529,836.9338374100244,826.8330285,835.7721447429936,1270.2372928366565,432.42425678600887,473.72416161917664,836.2759966220029,524.2986414,1233.6425060343086,1241.8115167504063,1337.9679193013626,373.5559746924804,739.8754576001357,936.7509565061692,948.1865038404526,907.3924419897141,1134.3833409994588,836.5015697,875.3455541961077,1258.4277514968521,997.4507895170715,1051.2199708077135,891.1786001137625,891.4610087542925,844.6116232908917,940.9271113543072,242.20694735343517,678.7499422365967,1213.6677244288032,0,538.2253161871221,1085.132045353652,1110.9785785464458,663.8911059720638,868.5214670492911,1641.6591220299822,995.7904442730421,1078.2169252606145
474.47175627871445,491.90889219451924,291.4776481326865,985.2526964630225,246.03686198324573,291.97884507046973,240.36160110700402,227.34492308875616,509.19830597059513,478.1271380332873,447.6531192484423,988.0326600563668,396.4941259622223,761.8527734226489,725.9155242744241,483.71046338652366,462.69436548317185,251.1553656701532,299.5886350565483,494.0781867444186,505.6256184262454,496.43776305591564,890.5035177,105.10912794320407,1265.5908967280827,339.32324412936555,364.1954749671983,976.3868544307354,892.0478369935936,908.5081217268971,573.1268920954395,606.1382086386246,76.01742149179239,521.5983717803107,512.2705138191253,241.39585803609327,315.35893811525426,862.8032770962559,713.1795055021261,676.2626771736911,382.8126146606929,562.1927451743153,518.1981636058568,882.7520730350029,295.4689422,357.9272947914136,779.5277623856088,813.4809983290914,789.2867641122507,161.44913328624835,201.16127213498024,1040.4357767921686,421.3992954354426,460.9282498384161,1151.4095214795025,216.03880202468767,956.8668283500405,980.6450945703183,60.31445100401521,398.97334860369625,453.8450979066678,443.7442890260155,452.6834052,887.1485533332994,114.95681142386573,73.65690659069801,331.5902307539013,188.52423111377988,817.3309732939366,825.4999840100338,921.6563865609895,173.82509351739412,356.7867181,548.9846311999778,565.0977643370961,524.3037024863577,700.3022747310416,397.6962333137504,438.5059918077534,875.3390119934954,507.3091525351851,560.1295633743329,436.1590259,452.45132273869837,440.2382627,414.8068299136029,371.17869130391097,146.25314478672453,830.5789849254463,546.0333256408701,0,702.0433058502952,727.8898390430888,279.57505134553827,342.4011856085874,1225.3475892896101,579.4789115326698,695.1281857572578
331.7804190121526,308.3194807213843,958.7734372175445,407.91605182589944,774.1759319783039,799.9869602337063,477.70882573102125,499.9316505456338,670.2407659058172,626.2487552,992.9778819825336,570.4882813650967,353.68584772674404,91.34539104169794,23.872218424128995,479.7901970508249,458.9304615696983,746.0302817328021,727.2991906936842,238.5733174681908,219.30756632950235,245.1379843209448,415.30066286896084,675.5662598919567,794.5534201279543,529.4720612466124,485.3958458115879,350.1038954,190.00453114329858,206.4648158766022,129.82373809621478,95.90509721167072,666.8560092671404,1152.41485,523.2515441401056,673.4223177560264,446.72250278031413,350.41501212330263,56.43928064832678,87.35582517,928.1373773947842,450.66267625554497,427.5589084394656,465.20769434373307,469.4274756774714,466.7259410232269,95.96384043541664,144.27961222082098,96.27235214164536,581.4242975,658.0802755451427,491.37422575918544,330.0535875907318,292.76717429328727,574.0728768423792,526.7984652879458,539.3224496587703,563.1007158790482,722.0205933487798,319.2088996281268,292.74550865895196,262.05143911015864,286.5114258904733,234.3683675667212,745.0054100419069,741.7223112333326,643.4854394026939,579.5547831138241,399.7865946026665,394.04655053370556,267.05424259388633,777.0444165408069,479.9898093070131,177.48598442642825,173.38538264299783,222.70309045750483,808.2317109200986,556.5159004819445,571.0736684408938,236.88848656559605,364.61781526862325,373.1569838,306.34125776585904,301.04986191830403,316.5879602063948,384.19028336318274,879.1868064671477,813.5489338715826,128.71161928778017,1091.358088374961,708.9328564634368,0,30.827467800872803,974.4679672297532,400.49341177831514,660.1863705981223,590.4599418536502,64.39805286260336
327.7844618171856,291.7659009872988,965.5830768099197,439.4569997,801.6305357335877,827.4415639889902,505.1634294863052,527.3862543009177,666.2448087108502,622.252798,1020.4324857378175,602.0292293,360.4954873191193,134.04580833230477,67.48422292700597,475.7942398558579,461.11705087424076,748.2168710373445,729.4857799982266,248.45661907553148,226.11720592187768,251.94762391332014,456.9266056217349,703.0208636472406,826.0943680417588,531.6586505511549,487.58243511613034,334.2156597441489,221.5454791,238.0057637904066,158.92049026310184,125.00184937855776,673.6656488595156,1179.869454016714,519.2555869451386,700.8769215113102,453.53214237268946,381.95596003710705,39.885700914241205,74.01243219945422,955.5919812,443.7741686425582,423.5629512444986,496.7486422575375,476.2371152698467,468.91253032776933,113.29911171801865,147.25234766150135,121.5731797278542,588.2339370650602,664.8899151,475.48599010141936,332.24017689527426,299.57681388566255,605.6138247561837,533.6081048803211,570.8633975725747,594.6416637928526,728.8302329,343.73436068473296,300.45538057789616,287.4730066843022,293.32106548284867,277.0687849,772.4600137971908,769.1769149886164,645.6720287072363,607.0093869,431.32754251647094,425.58749844751003,298.5951905076908,804.4990202960907,507.4444130622971,184.29562401880358,190.94525568279394,251.7998426243919,804.2357537251315,558.7024897864869,573.2602577454362,221.0002509,360.62185807365626,356.60340407875645,313.1508973582343,307.8595015106793,323.3975997987701,386.3768726677252,906.6414102224315,820.3585734639578,158.9777203590357,1118.812692130245,736.3874602187208,43.61200450287698,0,989.1267555,407.3030513706904,691.7273185119268,586.4639846586831,103.20401573232806
713.9154414113281,731.3525773271328,149.20555247203643,1237.954256232524,402.91772097602154,447.20687377193605,508.92120067943085,480.29900980513287,748.6419911032095,717.5708231659016,565.5108996,1240.7342198258684,641.2744420053351,1021.778629017962,985.8413798697372,736.4120231560256,702.1380506157857,476.27919214006306,524.7124615264581,754.0040423397318,765.5514740215586,735.8814481885285,1143.2050774453164,347.0225726771444,1518.2924564975842,578.7669292619793,603.6391600998123,1228.526592067527,1139.3393505989648,1155.7996353322685,833.0527476907527,866.0640642339378,315.4611066244065,763.5672398413911,764.9720735886272,408.7806861,568.7750995934582,1115.5048368657576,959.3721124775774,936.1885327690043,500.67039499188655,814.8943049438171,770.8997233753587,1135.4536328045049,534.9126273497418,597.3709799240274,1019.4999336233212,1053.453169566804,1029.2589353499632,400.89281841886236,440.60495726759444,1293.1373365616705,660.8429805680561,700.3719349710292,1404.1110812490037,484.5984015971147,1209.568388119542,1233.3466543398201,260.2965225,658.8992041990095,713.7709535,703.6701446213286,712.6092608349503,1147.074408928613,316.02497265283307,314.4037927986836,564.7407305078798,441.2462239580412,1070.0325330634382,1078.2015437795355,1174.3579463304918,295.2629135130545,616.7125736920924,788.4283163325906,806.1730566682542,784.2295580816708,939.7459599,637.1399184463643,677.9496769403671,1115.3111832312081,746.7528376677988,799.5732485069464,675.6027110768352,691.8950078713117,679.6819477994806,654.2505150462167,495.3504136,256.16196200207673,1076.7715919008976,663.8911059720635,268.5595995724268,961.9691614456083,987.8156946,0,581.8448707412009,1478.0491490591116,832.1804713021718,955.0540414
132.0705706701271,149.5077065859318,558.2800254392299,775.4060005403649,571.7257546529413,603.4863375000116,276.28864070143146,303.4310278119392,346.5870688916194,302.59505817385326,773.3420119181384,910.6458970436041,65.42400551,451.30257474659487,415.3653255983703,185.66719974808535,138.28153820814143,360.93782458287546,370.4603868511739,193.0894835025205,186.38856807950614,154.0365774473281,792.8756064223957,431.6462954799855,1162.0433688424198,172.63325740410187,128.5570419690774,646.6817213263258,557.4944799,573.9547645910675,262.57669341938555,295.5880099625706,266.3625974888259,847.2872644500064,273.79872908360136,476.9216950223317,100.70154205484914,717.9049608,377.5272417363764,360.0391174829591,708.5015073303889,250.95282791351946,222.69092645378691,805.3653100222402,68.93406389915617,109.88713718071634,437.65506288212015,471.60829882560284,447.4140646087621,180.93088569436992,257.58686376682743,711.8594066373589,78.99810982685507,118.52706422982854,941.5628255568447,169.8048406908683,879.4800653372778,903.2583315575556,321.5271815704654,149.72469256052122,154.13653215834677,185.07727332466902,141.5508934636021,576.5983546572455,457.33683040448415,416.0369255713164,286.64663556018377,383.05416038012936,739.9442102811739,748.1132209972711,634.5441913083517,516.2051124980126,283.4891865733186,206.58344559139033,224.3281859270539,227.9228127558857,524.875485,199.67709663943418,214.23486459838338,533.4663125,164.9079669265978,217.72837776574576,93.75784033563451,110.05013713011093,97.83707705827968,90.39400263857245,682.6861837334529,413.0555221,494.9267211596967,871.7222183,342.3800189806184,391.49310717424135,417.33964036703503,581.8237041132325,0,1027.6763193125878,339.88874610286626,384.57798708120384
942.8711309827167,906.8525701528298,1442.5826887676099,252.27031877222288,1300.5439443808589,1346.4859274680825,1120.2500986518357,1142.4729234664483,1012.5695624199842,968.5775517,1502.1602016460554,666.0981127,975.5821564846501,682.9792503789911,639.2657939818718,895.5328241,926.7727983889712,1110.1279192294214,1091.3968281903037,863.5432882410623,841.2038750874086,867.0342931,555.6320091753917,1203.5158325707926,134.3670495,1043.9393600951496,1001.9555497782982,794.1761947821275,473.1313332162094,472.78882499989254,787.1401358502926,755.0250668580425,1219.4736110411573,1576.1054541779238,924.0928745056946,1315.9635906768408,1068.6188115382204,381.5501488698247,654.9723700797723,701.3159001070995,1437.319697058306,974.0151058608845,930.0205242924261,590.1149268831211,1072.2474158683417,1012.5177187936403,602.9168179065103,623.9415964871116,593.1578161798684,1170.3538588492006,1137.5381836849883,935.4465251393977,947.3268460608055,914.6634830511937,86.11349375574312,1148.6947740458522,627.6191686348592,651.3974349,1211.4194916389383,958.8210299,915.5420497434272,902.5596758498333,908.4077346483797,760.7250697156541,1236.6942063766367,1195.3943015434688,1007.5830768993134,1222.0960560346387,495.3964259357019,490.6284755096103,394.7427775310151,1269.3010142973906,1122.5310822278282,799.3822931843346,812.2679541528868,869.2064236190491,1189.510155447558,1007.8086499746374,1012.433099636121,680.9607859458087,975.7085272391874,971.6900732442878,928.2375665237653,922.9461706762104,938.4842689643009,997.9817451592828,1425.6857737015237,1297.358185421648,540.7930899435561,1600.5404080384828,1156.8335593721733,663.1380124060007,646.6511999969624,1411.9087911158533,1022.3897205362211,0,991.3012722192391,715.5554524034872
262.9631419337936,320.8100288820007,793.1935365,796.2919696634873,651.1547921530737,697.0967752402978,597.4614672618366,631.4379228844625,182.1756301935361,192.96044428877804,852.7710494182704,799.0719332568316,396.9703043062178,652.9556926051588,617.0184435,175.38305525302283,208.85468623026952,457.76758918053764,439.0364981414196,418.1162686707813,398.3734799512632,379.16073469386345,701.5427908762798,554.1266803430074,1076.6301699285473,347.0594077088389,305.0755973919876,621.0897242390635,722.4812591007404,742.8382457,464.2298112779495,497.24112782113457,570.0844588133725,926.7163019501386,67.20839771354466,673.0313668998252,423.71886994058116,673.8425502967207,546.4107228262949,528.9225985728774,787.9305448,206.8956149826429,162.9010334141847,693.7913462354677,375.36746348203155,315.63776640732965,606.5385439720387,611.5989195797275,616.2975456986807,501.60979459276973,485.1778536361043,685.1386466004966,325.2542058498076,326.6262516282118,962.4487947,490.9776672512735,767.9061015505052,791.6843677707831,562.0303394111536,462.72121351993655,442.1857799,453.3696129,433.8522860338885,778.2514725158094,587.3050541488516,546.0051493,355.2227468504295,619.5197275,628.3702464944014,636.5392572104986,732.6956597614543,619.9118620696049,611.4960816458417,408.23656344995425,425.9813037856178,439.9397576085271,243.56558088590106,316.98038156852357,275.6970861757727,543.9689514695253,225.84212658502707,279.61130787566896,359.3804962037096,372.76440712579733,393.01745117799555,286.0713463868451,776.2966214737392,647.9690331938631,663.8102022496151,951.1512558,507.4444071443885,593.1462250328051,586.2964237405362,762.5196388880682,342.7113590825446,1036.3868624900747,0,586.2311049397678
329.82496817134813,309.3947160910487,939.1769826855834,466.1835027762313,751.8553344435738,777.6663626989763,455.38822819629127,477.6110530109038,668.2853150650127,624.2933043472465,970.6572844478036,628.7557323154284,351.73039688593957,66.72458766539108,82.13966937446082,477.8347462100204,456.97501072889384,744.0748308919976,725.3437398528797,216.25271993346087,213.68788754054853,239.5183055,473.56811381929265,653.2456623572267,852.8208711,527.5166104058079,483.4403949707834,408.3713463522469,248.27198209363038,264.7322668,139.37743833114067,117.2943931926588,664.9005584263359,1130.094253,521.2960932993011,651.1017202212963,444.76705193950966,408.6824630736345,118.31450525404716,127.2993049072487,905.8167798600541,448.7072254147405,425.6034575986611,523.4751452940648,467.47202483666695,464.7704901824224,154.2312913857485,202.54706317115287,154.5398030919772,579.4688466318805,656.1248247043383,549.6416767095174,328.09813674992733,290.8117234524828,632.3403277927109,518.0627194980162,597.5899006091021,621.3681668293799,708.0137856,296.8883020933968,270.4249111,239.73084157542868,280.89174710151946,192.02036757604168,722.6848125071768,719.4017136986025,641.5299885618895,557.2341855790941,458.05404555299833,452.3140014840374,325.3216935442182,754.7238190060768,457.6692117722832,175.5305335856238,157.37503707856825,200.3824929227749,806.2762601,554.5604496,569.1182176000893,295.1559375,362.6623644278188,402.16177450526726,304.38580692505457,299.09441107749956,314.63250936559035,382.23483252237827,856.8662089324176,793.9524793396215,186.9790702,1069.037490840231,686.6122589287069,61.91362820950627,92.74109601037908,952.1473696950231,398.53796093751066,718.4538215,588.5044910128456,0
